insert into pessoa (id, telefone, pais, estado, cidade, endereco, cep) values (  1, '988659671', 'United States', 'New York', 'New York City', 'Emmet', '14406121');
insert into pessoa (id, telefone, pais, estado, cidade, endereco, cep) values (  2, '903892903', 'United States', 'Hawaii', 'Honolulu', 'Loftsgordon', '57402856');
insert into pessoa (id, telefone, pais, estado, cidade, endereco, cep) values (  3, '986492600', 'United States', 'Florida', 'Miami', 'Bartillon', '94779337');
insert into pessoa (id, telefone, pais, estado, cidade, endereco, cep) values (  4, '937218239', 'United States', 'Colorado', 'Colorado Springs', 'Sycamore', '49170639');
insert into pessoa (id, telefone, pais, estado, cidade, endereco, cep) values (  5, '910659620', 'United States', 'Texas', 'Dallas', 'Meadow Ridge', '61948080');
insert into pessoa (id, telefone, pais, estado, cidade, endereco, cep) values (  6, '953332664', 'United States', 'Florida', 'Bradenton', 'Bellgrove', '70923089');
insert into pessoa (id, telefone, pais, estado, cidade, endereco, cep) values (  7, '953480886', 'United States', 'Massachusetts', 'Boston', 'Johnson', '96778086');
insert into pessoa (id, telefone, pais, estado, cidade, endereco, cep) values (  8, '957931852', 'United States', 'Connecticut', 'Hartford', 'Sommers', '31020308');
insert into pessoa (id, telefone, pais, estado, cidade, endereco, cep) values (  9, '969926011', 'United States', 'Utah', 'Salt Lake City', 'Farwell', '18009757');
insert into pessoa (id, telefone, pais, estado, cidade, endereco, cep) values ( 10, '933051258', 'United States', 'Kansas', 'Wichita', 'Eggendart', '69556524');
insert into pessoa (id, telefone, pais, estado, cidade, endereco, cep) values ( 11, '914674349', 'United States', 'California', 'Oakland', 'Moulton', '45329412');
insert into pessoa (id, telefone, pais, estado, cidade, endereco, cep) values ( 12, '931379637', 'United States', 'Pennsylvania', 'Philadelphia', 'Vera', '79896573');
insert into pessoa (id, telefone, pais, estado, cidade, endereco, cep) values ( 13, '912395468', 'United States', 'Illinois', 'Chicago', 'Clyde Gallagher', '27037423');
insert into pessoa (id, telefone, pais, estado, cidade, endereco, cep) values ( 14, '964978819', 'United States', 'District of Columbia', 'Washington', 'Oak', '52460711');
insert into pessoa (id, telefone, pais, estado, cidade, endereco, cep) values ( 15, '907322838', 'United States', 'Michigan', 'Warren', 'Monica', '07101884');
insert into pessoa (id, telefone, pais, estado, cidade, endereco, cep) values ( 16, '931836012', 'United States', 'California', 'Los Angeles', 'Nobel', '91456701');
insert into pessoa (id, telefone, pais, estado, cidade, endereco, cep) values ( 17, '946793317', 'United States', 'Minnesota', 'Saint Paul', 'Buena Vista', '88039958');
insert into pessoa (id, telefone, pais, estado, cidade, endereco, cep) values ( 18, '919663601', 'United States', 'Wisconsin', 'Milwaukee', 'Twin Pines', '53122064');
insert into pessoa (id, telefone, pais, estado, cidade, endereco, cep) values ( 19, '998497810', 'United States', 'Minnesota', 'Young America', 'Carey', '52598072');
insert into pessoa (id, telefone, pais, estado, cidade, endereco, cep) values ( 20, '972304005', 'United States', 'North Carolina', 'Raleigh', 'Harbort', '02752609');
insert into pessoa (id, telefone, pais, estado, cidade, endereco, cep) values ( 21, '947210924', 'United States', 'Georgia', 'Athens', 'Nelson', '08733689');
insert into pessoa (id, telefone, pais, estado, cidade, endereco, cep) values ( 22, '940578991', 'United States', 'California', 'Sacramento', 'Scott', '47879309');
insert into pessoa (id, telefone, pais, estado, cidade, endereco, cep) values ( 23, '904555670', 'United States', 'Indiana', 'Fort Wayne', 'Mcbride', '83999743');
insert into pessoa (id, telefone, pais, estado, cidade, endereco, cep) values ( 24, '925363186', 'United States', 'Texas', 'El Paso', 'Merrick', '34822336');
insert into pessoa (id, telefone, pais, estado, cidade, endereco, cep) values ( 25, '975959284', 'United States', 'Texas', 'El Paso', 'Di Loreto', '36742176');
insert into pessoa (id, telefone, pais, estado, cidade, endereco, cep) values ( 26, '959992466', 'United States', 'Pennsylvania', 'Philadelphia', 'Anderson', '43590906');
insert into pessoa (id, telefone, pais, estado, cidade, endereco, cep) values ( 27, '935275045', 'United States', 'Texas', 'El Paso', 'Sommers', '90722444');
insert into pessoa (id, telefone, pais, estado, cidade, endereco, cep) values ( 28, '944059668', 'United States', 'Illinois', 'Champaign', 'Arizona', '27349575');
insert into pessoa (id, telefone, pais, estado, cidade, endereco, cep) values ( 29, '986471372', 'United States', 'Washington', 'Seattle', 'Darwin', '17578554');
insert into pessoa (id, telefone, pais, estado, cidade, endereco, cep) values ( 30, '901152230', 'United States', 'Arizona', 'Tucson', 'Summer Ridge', '00977763');
insert into pessoa (id, telefone, pais, estado, cidade, endereco, cep) values ( 31, '991201170', 'United States', 'Texas', 'Dallas', 'Kensington', '42097616');
insert into pessoa (id, telefone, pais, estado, cidade, endereco, cep) values ( 32, '978531830', 'United States', 'Illinois', 'Peoria', 'Annamark', '19393047');
insert into pessoa (id, telefone, pais, estado, cidade, endereco, cep) values ( 33, '936250443', 'United States', 'Washington', 'Spokane', 'Mayfield', '01855960');
insert into pessoa (id, telefone, pais, estado, cidade, endereco, cep) values ( 34, '970860078', 'United States', 'South Carolina', 'Columbia', 'Doe Crossing', '49857731');
insert into pessoa (id, telefone, pais, estado, cidade, endereco, cep) values ( 35, '925539464', 'United States', 'Kentucky', 'Louisville', 'Lakewood Gardens', '71587109');
insert into pessoa (id, telefone, pais, estado, cidade, endereco, cep) values ( 36, '998443602', 'United States', 'Pennsylvania', 'Pittsburgh', 'Debs', '74902037');
insert into pessoa (id, telefone, pais, estado, cidade, endereco, cep) values ( 37, '966436239', 'United States', 'Florida', 'Largo', 'Holy Cross', '67022314');
insert into pessoa (id, telefone, pais, estado, cidade, endereco, cep) values ( 38, '990722003', 'United States', 'New York', 'New York City', 'Doe Crossing', '53198710');
insert into pessoa (id, telefone, pais, estado, cidade, endereco, cep) values ( 39, '977122663', 'United States', 'New York', 'New York City', 'Clemons', '29392802');
insert into pessoa (id, telefone, pais, estado, cidade, endereco, cep) values ( 40, '998509202', 'United States', 'Ohio', 'Cincinnati', 'Mockingbird', '86943590');
insert into pessoa (id, telefone, pais, estado, cidade, endereco, cep) values ( 41, '953275577', 'United States', 'New York', 'Brooklyn', 'Union', '81507043');
insert into pessoa (id, telefone, pais, estado, cidade, endereco, cep) values ( 42, '928000170', 'United States', 'Alabama', 'Birmingham', 'Judy', '37416662');
insert into pessoa (id, telefone, pais, estado, cidade, endereco, cep) values ( 43, '925220998', 'United States', 'West Virginia', 'Huntington', 'Maywood', '79284497');
insert into pessoa (id, telefone, pais, estado, cidade, endereco, cep) values ( 44, '984492959', 'United States', 'Florida', 'Lehigh Acres', 'Old Gate', '51948395');
insert into pessoa (id, telefone, pais, estado, cidade, endereco, cep) values ( 45, '998829292', 'United States', 'California', 'Long Beach', 'Mallard', '93928848');
insert into pessoa (id, telefone, pais, estado, cidade, endereco, cep) values ( 46, '948854296', 'United States', 'Pennsylvania', 'Lancaster', 'Westport', '49357626');
insert into pessoa (id, telefone, pais, estado, cidade, endereco, cep) values ( 47, '936057267', 'United States', 'Virginia', 'Roanoke', 'Everett', '76581959');
insert into pessoa (id, telefone, pais, estado, cidade, endereco, cep) values ( 48, '986853497', 'United States', 'Hawaii', 'Honolulu', 'Heath', '08583044');
insert into pessoa (id, telefone, pais, estado, cidade, endereco, cep) values ( 49, '951348401', 'United States', 'Texas', 'Corpus Christi', 'Chinook', '42114038');
insert into pessoa (id, telefone, pais, estado, cidade, endereco, cep) values ( 50, '948267254', 'United States', 'California', 'Los Angeles', 'Main', '82563680');
insert into pessoa (id, telefone, pais, estado, cidade, endereco, cep) values ( 51, '909903514', 'United States', 'Alabama', 'Birmingham', 'Lerdahl', '16572008');
insert into pessoa (id, telefone, pais, estado, cidade, endereco, cep) values ( 52, '908157103', 'United States', 'Arizona', 'Tucson', 'Quincy', '64944699');
insert into pessoa (id, telefone, pais, estado, cidade, endereco, cep) values ( 53, '938832162', 'United States', 'Connecticut', 'Norwalk', 'Lakewood Gardens', '30507404');
insert into pessoa (id, telefone, pais, estado, cidade, endereco, cep) values ( 54, '960336192', 'United States', 'Mississippi', 'Jackson', 'Towne', '78196385');
insert into pessoa (id, telefone, pais, estado, cidade, endereco, cep) values ( 55, '918452009', 'United States', 'Georgia', 'Atlanta', 'Katie', '07219349');
insert into pessoa (id, telefone, pais, estado, cidade, endereco, cep) values ( 56, '902186010', 'United States', 'Pennsylvania', 'Erie', 'Trailsway', '08984704');
insert into pessoa (id, telefone, pais, estado, cidade, endereco, cep) values ( 57, '948452822', 'United States', 'Florida', 'Hialeah', 'Vahlen', '02489949');
insert into pessoa (id, telefone, pais, estado, cidade, endereco, cep) values ( 58, '909094385', 'United States', 'Georgia', 'Atlanta', 'Comanche', '47937946');
insert into pessoa (id, telefone, pais, estado, cidade, endereco, cep) values ( 59, '975722008', 'United States', 'Illinois', 'Decatur', 'Drewry', '71027980');
insert into pessoa (id, telefone, pais, estado, cidade, endereco, cep) values ( 60, '996019532', 'United States', 'Nevada', 'Reno', 'Glacier Hill', '59902479');
insert into pessoa (id, telefone, pais, estado, cidade, endereco, cep) values ( 61, '938198121', 'United States', 'Illinois', 'Springfield', 'Jenna', '57881713');
insert into pessoa (id, telefone, pais, estado, cidade, endereco, cep) values ( 62, '972539695', 'United States', 'Texas', 'Garland', 'Novick', '96220062');
insert into pessoa (id, telefone, pais, estado, cidade, endereco, cep) values ( 63, '977200796', 'United States', 'New York', 'New York City', 'Sundown', '91673494');
insert into pessoa (id, telefone, pais, estado, cidade, endereco, cep) values ( 64, '929753631', 'United States', 'Texas', 'El Paso', 'Nevada', '28692852');
insert into pessoa (id, telefone, pais, estado, cidade, endereco, cep) values ( 65, '957149535', 'United States', 'Maryland', 'Silver Spring', 'Ramsey', '96341902');
insert into pessoa (id, telefone, pais, estado, cidade, endereco, cep) values ( 66, '996264853', 'United States', 'Utah', 'Salt Lake City', 'Chinook', '35060674');
insert into pessoa (id, telefone, pais, estado, cidade, endereco, cep) values ( 67, '921683012', 'United States', 'California', 'San Diego', 'Granby', '13654185');
insert into pessoa (id, telefone, pais, estado, cidade, endereco, cep) values ( 68, '903093167', 'United States', 'California', 'San Francisco', '3rd', '69572161');
insert into pessoa (id, telefone, pais, estado, cidade, endereco, cep) values ( 69, '992730594', 'United States', 'New York', 'Schenectady', 'Hooker', '88801048');
insert into pessoa (id, telefone, pais, estado, cidade, endereco, cep) values ( 70, '915998643', 'United States', 'Massachusetts', 'Boston', 'Macpherson', '48804346');
insert into pessoa (id, telefone, pais, estado, cidade, endereco, cep) values ( 71, '960967043', 'United States', 'Indiana', 'Muncie', 'Raven', '45329066');
insert into pessoa (id, telefone, pais, estado, cidade, endereco, cep) values ( 72, '949914958', 'United States', 'Illinois', 'Chicago', 'Dryden', '04840549');
insert into pessoa (id, telefone, pais, estado, cidade, endereco, cep) values ( 73, '913374944', 'United States', 'Mississippi', 'Columbus', 'Forest Run', '55432270');
insert into pessoa (id, telefone, pais, estado, cidade, endereco, cep) values ( 74, '948612540', 'United States', 'Alabama', 'Huntsville', 'Sundown', '22683971');
insert into pessoa (id, telefone, pais, estado, cidade, endereco, cep) values ( 75, '900377587', 'United States', 'Ohio', 'Dayton', 'Jenifer', '81920736');
insert into pessoa (id, telefone, pais, estado, cidade, endereco, cep) values ( 76, '981020454', 'United States', 'Florida', 'Pompano Beach', 'Clemons', '46936274');
insert into pessoa (id, telefone, pais, estado, cidade, endereco, cep) values ( 77, '984479457', 'United States', 'Florida', 'Zephyrhills', 'Morningstar', '25372274');
insert into pessoa (id, telefone, pais, estado, cidade, endereco, cep) values ( 78, '994139652', 'United States', 'California', 'Sacramento', 'Portage', '09427647');
insert into pessoa (id, telefone, pais, estado, cidade, endereco, cep) values ( 79, '994915016', 'United States', 'Kentucky', 'Frankfort', 'Reinke', '28137442');
insert into pessoa (id, telefone, pais, estado, cidade, endereco, cep) values ( 80, '945834116', 'United States', 'Louisiana', 'New Orleans', 'Morrow', '15162751');
insert into pessoa (id, telefone, pais, estado, cidade, endereco, cep) values ( 81, '955170509', 'United States', 'Minnesota', 'Duluth', 'Bayside', '51898571');
insert into pessoa (id, telefone, pais, estado, cidade, endereco, cep) values ( 82, '947317345', 'United States', 'Texas', 'Dallas', '8th', '02574312');
insert into pessoa (id, telefone, pais, estado, cidade, endereco, cep) values ( 83, '992324239', 'United States', 'Texas', 'Lubbock', 'Division', '29221230');
insert into pessoa (id, telefone, pais, estado, cidade, endereco, cep) values ( 84, '975703410', 'United States', 'Minnesota', 'Minneapolis', 'Briar Crest', '70154229');
insert into pessoa (id, telefone, pais, estado, cidade, endereco, cep) values ( 85, '930296461', 'United States', 'California', 'Los Angeles', 'Bayside', '24736742');
insert into pessoa (id, telefone, pais, estado, cidade, endereco, cep) values ( 86, '931468157', 'United States', 'California', 'Los Angeles', 'Rieder', '06045031');
insert into pessoa (id, telefone, pais, estado, cidade, endereco, cep) values ( 87, '971467114', 'United States', 'Georgia', 'Atlanta', 'Schurz', '49291959');
insert into pessoa (id, telefone, pais, estado, cidade, endereco, cep) values ( 88, '915951666', 'United States', 'West Virginia', 'Huntington', 'Morningstar', '86001563');
insert into pessoa (id, telefone, pais, estado, cidade, endereco, cep) values ( 89, '961665942', 'United States', 'Washington', 'Tacoma', 'Moland', '92849400');
insert into pessoa (id, telefone, pais, estado, cidade, endereco, cep) values ( 90, '981090174', 'United States', 'Alabama', 'Birmingham', 'Dahle', '78431052');
insert into pessoa (id, telefone, pais, estado, cidade, endereco, cep) values ( 91, '939043439', 'United States', 'Indiana', 'Evansville', 'Marquette', '44113080');
insert into pessoa (id, telefone, pais, estado, cidade, endereco, cep) values ( 92, '989558414', 'United States', 'Florida', 'Miami', 'Burrows', '60669264');
insert into pessoa (id, telefone, pais, estado, cidade, endereco, cep) values ( 93, '924778655', 'United States', 'California', 'San Francisco', 'Butternut', '25296332');
insert into pessoa (id, telefone, pais, estado, cidade, endereco, cep) values ( 94, '916301286', 'United States', 'California', 'Los Angeles', 'Memorial', '18001855');
insert into pessoa (id, telefone, pais, estado, cidade, endereco, cep) values ( 95, '947753703', 'United States', 'Delaware', 'Wilmington', 'Hanson', '46681669');
insert into pessoa (id, telefone, pais, estado, cidade, endereco, cep) values ( 96, '930259925', 'United States', 'Texas', 'Lubbock', 'Packers', '77863811');
insert into pessoa (id, telefone, pais, estado, cidade, endereco, cep) values ( 97, '965451483', 'United States', 'Texas', 'El Paso', 'Magdeline', '17974455');
insert into pessoa (id, telefone, pais, estado, cidade, endereco, cep) values ( 98, '941472446', 'United States', 'Virginia', 'Alexandria', 'Heffernan', '42098171');
insert into pessoa (id, telefone, pais, estado, cidade, endereco, cep) values ( 99, '984337991', 'United States', 'South Carolina', 'Greenville', 'Bultman', '95829026');
insert into pessoa (id, telefone, pais, estado, cidade, endereco, cep) values (100, '948567711', 'United States', 'New York', 'Flushing', 'Arizona', '89058398');

--Inserts pessoa_fisica
insert into pessoa_fisica (id, nome, cpf, rg, genero, data_nascimento, telefone_emergencia, id_pessoa) values (1, 'Nessa Lauga', '19302324231',             '3209113972', 'Masculino', '1955-07-22', '953701056', 1);
insert into pessoa_fisica (id, nome, cpf, rg, genero, data_nascimento, telefone_emergencia, id_pessoa) values (2, 'Georgie Murrie', '28893374500',          '0041611529', 'Feminino', '1957-06-23', '965103803', 2);
insert into pessoa_fisica (id, nome, cpf, rg, genero, data_nascimento, telefone_emergencia, id_pessoa) values (3, 'Lynda Jone', '20058255790',              '9410119290', 'Masculino', '1992-07-10', '904938954', 3);
insert into pessoa_fisica (id, nome, cpf, rg, genero, data_nascimento, telefone_emergencia, id_pessoa) values (4, 'Filmer Letessier', '23774949606',        '7588977063', 'Feminino', '1988-04-08', '998686621', 4);
insert into pessoa_fisica (id, nome, cpf, rg, genero, data_nascimento, telefone_emergencia, id_pessoa) values (5, 'Aldis Baber', '56621581567',             '1311818092', 'Feminino', '1959-08-17', '966869408', 5);
insert into pessoa_fisica (id, nome, cpf, rg, genero, data_nascimento, telefone_emergencia, id_pessoa) values (6, 'Chan Matovic', '39646529858',            '2085621236', 'Feminino', '1970-03-16', '974071859', 6);
insert into pessoa_fisica (id, nome, cpf, rg, genero, data_nascimento, telefone_emergencia, id_pessoa) values (7, 'Free Hoggan', '43530487811',             '4512443691', 'Masculino', '1960-04-02', '913154168', 7);
insert into pessoa_fisica (id, nome, cpf, rg, genero, data_nascimento, telefone_emergencia, id_pessoa) values (8, 'Eustace Edwicke', '41078078267',         '7155830655', 'Feminino', '1982-01-13', '904730209', 8);
insert into pessoa_fisica (id, nome, cpf, rg, genero, data_nascimento, telefone_emergencia, id_pessoa) values (9, 'Fidel Hennington', '32848171836',        '0501953320', 'Feminino', '1983-06-07', '939506782', 9);
insert into pessoa_fisica (id, nome, cpf, rg, genero, data_nascimento, telefone_emergencia, id_pessoa) values (10, 'Reamonn Feldhammer', '12919687226',     '6073239618', 'Feminino', '1996-12-10', '976899779', 10);
insert into pessoa_fisica (id, nome, cpf, rg, genero, data_nascimento, telefone_emergencia, id_pessoa) values (11, 'Kippy Burke', '07148353095',            '6795938179', 'Feminino', '1991-04-30', '994438767', 11);
insert into pessoa_fisica (id, nome, cpf, rg, genero, data_nascimento, telefone_emergencia, id_pessoa) values (12, 'Rab Balling', '77291765771',            '5312851527', 'Masculino', '1990-06-02', '912377644', 12);
insert into pessoa_fisica (id, nome, cpf, rg, genero, data_nascimento, telefone_emergencia, id_pessoa) values (13, 'Wilhelmina Lidington', '02225019222',   '2899918068', 'Feminino', '1982-08-30', '927343002', 13);
insert into pessoa_fisica (id, nome, cpf, rg, genero, data_nascimento, telefone_emergencia, id_pessoa) values (14, 'Lamond Merrigan', '17805569377',        '1480843369', 'Feminino', '1981-01-30', '970883446', 14);
insert into pessoa_fisica (id, nome, cpf, rg, genero, data_nascimento, telefone_emergencia, id_pessoa) values (15, 'Damaris Schimonek', '19110373570',      '8378013423', 'Feminino', '1973-08-30', '963456477', 15);
insert into pessoa_fisica (id, nome, cpf, rg, genero, data_nascimento, telefone_emergencia, id_pessoa) values (16, 'Elsbeth Ruffler', '39354969936',        '2366699206', 'Masculino', '1991-11-28', '995395569', 16);
insert into pessoa_fisica (id, nome, cpf, rg, genero, data_nascimento, telefone_emergencia, id_pessoa) values (17, 'Dario Stovin', '28258879914',           '3661467495', 'Masculino', '1980-03-20', '929491857', 17);
insert into pessoa_fisica (id, nome, cpf, rg, genero, data_nascimento, telefone_emergencia, id_pessoa) values (18, 'Barbe Quilligan', '15942826323',        '5968091056', 'Masculino', '1950-06-11', '979691476', 18);
insert into pessoa_fisica (id, nome, cpf, rg, genero, data_nascimento, telefone_emergencia, id_pessoa) values (19, 'Herbert Gatrill', '66728751093',        '0098366857', 'Feminino', '1977-01-08', '921314798', 19);
insert into pessoa_fisica (id, nome, cpf, rg, genero, data_nascimento, telefone_emergencia, id_pessoa) values (20, 'Latrena Brotheridge', '78194256007',    '9705411471', 'Masculino', '1952-07-03', '983398918', 20);
insert into pessoa_fisica (id, nome, cpf, rg, genero, data_nascimento, telefone_emergencia, id_pessoa) values (21, 'Lily Humphris', '25391881305',          '7365351313', 'Masculino', '1949-02-10', '932024230', 21);
insert into pessoa_fisica (id, nome, cpf, rg, genero, data_nascimento, telefone_emergencia, id_pessoa) values (22, 'Ansel Lindenbluth', '81349478983',      '5934080112', 'Masculino', '1969-05-14', '920818481', 22);
insert into pessoa_fisica (id, nome, cpf, rg, genero, data_nascimento, telefone_emergencia, id_pessoa) values (23, 'Deni Beeston', '45619296994',           '6047624571', 'Masculino', '1988-02-10', '994941434', 23);
insert into pessoa_fisica (id, nome, cpf, rg, genero, data_nascimento, telefone_emergencia, id_pessoa) values (24, 'Joelie Brimble', '09400347955',         '0182339544', 'Masculino', '1970-08-13', '900693974', 24);
insert into pessoa_fisica (id, nome, cpf, rg, genero, data_nascimento, telefone_emergencia, id_pessoa) values (25, 'Rudiger Billham', '10941103952',        '4412174138', 'Masculino', '1993-11-29', '978211114', 25);
insert into pessoa_fisica (id, nome, cpf, rg, genero, data_nascimento, telefone_emergencia, id_pessoa) values (26, 'Bay Gavahan', '64626153039',            '8663152602', 'Masculino', '1959-08-11', '926670583', 26);
insert into pessoa_fisica (id, nome, cpf, rg, genero, data_nascimento, telefone_emergencia, id_pessoa) values (27, 'Fan Iannazzi', '87233210562',           '8145869669', 'Feminino', '1939-01-18', '921925901', 27);
insert into pessoa_fisica (id, nome, cpf, rg, genero, data_nascimento, telefone_emergencia, id_pessoa) values (28, 'Maryanne Samme', '48330480035',         '4761590355', 'Masculino', '1958-12-05', '922447754', 28);
insert into pessoa_fisica (id, nome, cpf, rg, genero, data_nascimento, telefone_emergencia, id_pessoa) values (29, 'Ram Gley', '84067945536',               '1304009178', 'Masculino', '1965-12-19', '977722337', 29);
insert into pessoa_fisica (id, nome, cpf, rg, genero, data_nascimento, telefone_emergencia, id_pessoa) values (30, 'Taryn Rollin', '11313101826',           '3749848766', 'Masculino', '1951-07-11', '928508035', 30);
insert into pessoa_fisica (id, nome, cpf, rg, genero, data_nascimento, telefone_emergencia, id_pessoa) values (31, 'Melitta Riggs', '41758947494',          '9090587307', 'Masculino', '1980-12-14', '950618842', 31);
insert into pessoa_fisica (id, nome, cpf, rg, genero, data_nascimento, telefone_emergencia, id_pessoa) values (32, 'Conant Gentner', '89055415063',         '0920053844', 'Feminino', '1974-09-08', '976723250', 32);
insert into pessoa_fisica (id, nome, cpf, rg, genero, data_nascimento, telefone_emergencia, id_pessoa) values (33, 'Ainslee Steeples', '69696380910',       '6326447769', 'Feminino', '1948-05-11', '966291998', 33);
insert into pessoa_fisica (id, nome, cpf, rg, genero, data_nascimento, telefone_emergencia, id_pessoa) values (34, 'Keelia Shervil', '06445861730',         '8246672006', 'Masculino', '1968-07-19', '999598186', 34);
insert into pessoa_fisica (id, nome, cpf, rg, genero, data_nascimento, telefone_emergencia, id_pessoa) values (35, 'Broddie Sulland', '28371294512',        '1174268455', 'Feminino', '1985-03-22', '983950297', 35);
insert into pessoa_fisica (id, nome, cpf, rg, genero, data_nascimento, telefone_emergencia, id_pessoa) values (36, 'Franzen Dawtry', '38467172956',         '6037567659', 'Feminino', '1985-06-24', '946319637', 36);
insert into pessoa_fisica (id, nome, cpf, rg, genero, data_nascimento, telefone_emergencia, id_pessoa) values (37, 'Terese Basilio', '41249278016',         '6952948804', 'Feminino', '1970-06-19', '965047982', 37);
insert into pessoa_fisica (id, nome, cpf, rg, genero, data_nascimento, telefone_emergencia, id_pessoa) values (38, 'Delbert Gritsunov', '35368779712',      '4387615407', 'Masculino', '1942-05-03', '925005921', 38);
insert into pessoa_fisica (id, nome, cpf, rg, genero, data_nascimento, telefone_emergencia, id_pessoa) values (39, 'Julissa Pietrowski', '00637339976',     '4779493193', 'Masculino', '1972-03-02', '905016737', 39);
insert into pessoa_fisica (id, nome, cpf, rg, genero, data_nascimento, telefone_emergencia, id_pessoa) values (40, 'Jane Totaro', '59471057233',            '1504215508', 'Masculino', '2000-06-15', '959502352', 40);
insert into pessoa_fisica (id, nome, cpf, rg, genero, data_nascimento, telefone_emergencia, id_pessoa) values (41, 'Rudd Huish', '71492713183',             '2140173156', 'Masculino', '1961-06-16', '989994563', 41);
insert into pessoa_fisica (id, nome, cpf, rg, genero, data_nascimento, telefone_emergencia, id_pessoa) values (42, 'Timi Behneke', '36070038048',           '1470250281', 'Feminino', '1949-07-25', '994833341', 42);
insert into pessoa_fisica (id, nome, cpf, rg, genero, data_nascimento, telefone_emergencia, id_pessoa) values (43, 'Maurene Greasley', '21381778615',       '0046312636', 'Masculino', '1959-11-23', '972446707', 43);
insert into pessoa_fisica (id, nome, cpf, rg, genero, data_nascimento, telefone_emergencia, id_pessoa) values (44, 'Travers Aveyard', '28784573268',        '1263964612', 'Feminino', '1971-07-07', '936265476', 44);
insert into pessoa_fisica (id, nome, cpf, rg, genero, data_nascimento, telefone_emergencia, id_pessoa) values (45, 'Brandice Enever', '63697028895',        '9581124672', 'Masculino', '1969-07-09', '996060694', 45);
insert into pessoa_fisica (id, nome, cpf, rg, genero, data_nascimento, telefone_emergencia, id_pessoa) values (46, 'Waly MacCole', '09020260075',           '5277688098', 'Feminino', '1947-12-23', '914604341', 46);
insert into pessoa_fisica (id, nome, cpf, rg, genero, data_nascimento, telefone_emergencia, id_pessoa) values (47, 'Bibi Ales0', '41276306814',             '3872786907', 'Masculino', '1981-12-10', '912111087', 47);
insert into pessoa_fisica (id, nome, cpf, rg, genero, data_nascimento, telefone_emergencia, id_pessoa) values (48, 'Harp Fortye', '44625135030',            '4256703253', 'Masculino', '1959-08-27', '949002049', 48);
insert into pessoa_fisica (id, nome, cpf, rg, genero, data_nascimento, telefone_emergencia, id_pessoa) values (49, 'Korey Lefwich', '16941051360',          '2126594523', 'Feminino', '1965-12-18', '961942490', 49);
insert into pessoa_fisica (id, nome, cpf, rg, genero, data_nascimento, telefone_emergencia, id_pessoa) values (50, 'Mariska Kobiela', '75597274175',        '1357600376', 'Masculino', '1920-11-29', '912694352', 50);
insert into pessoa_fisica (id, nome, cpf, rg, genero, data_nascimento, telefone_emergencia, id_pessoa) values (51, 'Lorna Arnow', '10577445787',            '9495028697', 'Masculino', '1984-02-18', '916604884', 51);
insert into pessoa_fisica (id, nome, cpf, rg, genero, data_nascimento, telefone_emergencia, id_pessoa) values (52, 'Verna Endacott', '09881618459',         '6858513882', 'Masculino', '1987-12-24', '967891692', 52);
insert into pessoa_fisica (id, nome, cpf, rg, genero, data_nascimento, telefone_emergencia, id_pessoa) values (53, 'Vilma Gussie', '78534555182',           '9080653635', 'Feminino', '1992-03-27', '988259592', 53);
insert into pessoa_fisica (id, nome, cpf, rg, genero, data_nascimento, telefone_emergencia, id_pessoa) values (54, 'Arnoldo Villiers', '14963566978',       '1066297152', 'Masculino', '1994-07-25', '902011078', 54);
insert into pessoa_fisica (id, nome, cpf, rg, genero, data_nascimento, telefone_emergencia, id_pessoa) values (55, 'Bernie Fissenden', '64095693256',       '1007492975', 'Feminino', '1994-03-04', '992224744', 55);
insert into pessoa_fisica (id, nome, cpf, rg, genero, data_nascimento, telefone_emergencia, id_pessoa) values (56, 'Glynnis Paley', '10046120225',          '9776016895', 'Feminino', '1970-08-29', '964963520', 56);
insert into pessoa_fisica (id, nome, cpf, rg, genero, data_nascimento, telefone_emergencia, id_pessoa) values (57, 'Charla Mosdill', '63038276882',         '4259983757', 'Masculino', '1969-08-02', '921647564', 57);
insert into pessoa_fisica (id, nome, cpf, rg, genero, data_nascimento, telefone_emergencia, id_pessoa) values (58, 'Mariska Tibbetts', '06280190913',       '7625787912', 'Masculino', '1970-01-15', '901665840', 58);
insert into pessoa_fisica (id, nome, cpf, rg, genero, data_nascimento, telefone_emergencia, id_pessoa) values (59, 'Juanita Robertazzi', '14447584108',     '0781448686', 'Masculino', '1960-02-27', '963083435', 59);
insert into pessoa_fisica (id, nome, cpf, rg, genero, data_nascimento, telefone_emergencia, id_pessoa) values (60, 'Mitzi Olivi', '94418604061',            '7110939332', 'Masculino', '1959-10-06', '960068689', 60);
insert into pessoa_fisica (id, nome, cpf, rg, genero, data_nascimento, telefone_emergencia, id_pessoa) values (61, 'Ingaberg Wloch', '91048019867',         '0273414576', 'Feminino', '2000-02-26', '968462525', 61);
insert into pessoa_fisica (id, nome, cpf, rg, genero, data_nascimento, telefone_emergencia, id_pessoa) values (62, 'Carlee Burchell', '89199343244',        '2489564434', 'Masculino', '1958-05-13', '930071143', 62);
insert into pessoa_fisica (id, nome, cpf, rg, genero, data_nascimento, telefone_emergencia, id_pessoa) values (63, 'Marquita Baudins', '41753499581',       '2599539608', 'Feminino', '1964-10-31', '953232866', 63);
insert into pessoa_fisica (id, nome, cpf, rg, genero, data_nascimento, telefone_emergencia, id_pessoa) values (64, 'Humfrid Drewet', '81016829917',         '0240561862', 'Masculino', '1952-09-29', '996413471', 64);
insert into pessoa_fisica (id, nome, cpf, rg, genero, data_nascimento, telefone_emergencia, id_pessoa) values (65, 'Eadie Gabbotts', '64566588436',         '7507326233', 'Feminino', '1998-02-24', '985317242', 65);
insert into pessoa_fisica (id, nome, cpf, rg, genero, data_nascimento, telefone_emergencia, id_pessoa) values (66, 'Murray Campbell-Dunlop', '53042209807', '2995862993', 'Masculino', '1972-04-23', '965562689', 66);
insert into pessoa_fisica (id, nome, cpf, rg, genero, data_nascimento, telefone_emergencia, id_pessoa) values (67, 'Sari MacParlan', '35122641211',         '8098490814', 'Masculino', '1962-06-22', '969202220', 67);
insert into pessoa_fisica (id, nome, cpf, rg, genero, data_nascimento, telefone_emergencia, id_pessoa) values (68, 'Michele Nevinson', '36614862704',       '9665072304', 'Feminino', '1960-02-14', '968855395', 68);
insert into pessoa_fisica (id, nome, cpf, rg, genero, data_nascimento, telefone_emergencia, id_pessoa) values (69, 'Burton Allberry', '50450547471',        '3557668755', 'Feminino', '2001-07-10', '993581691', 69);
insert into pessoa_fisica (id, nome, cpf, rg, genero, data_nascimento, telefone_emergencia, id_pessoa) values (70, 'Christoph Watters', '72852020275',      '3589100468', 'Feminino', '1950-05-30', '948147930', 70);

--Inserts Funcionario
insert into funcionario (id, id_pessoa_fisica, matricula, data_admissao, situacao, cargo, salario) values (1,  56, 630,   '1990-03-29', TRUE, 'Garçom',     3221.25);
insert into funcionario (id, id_pessoa_fisica, matricula, data_admissao, situacao, cargo, salario) values (2,  57, 855,   '1993-08-11', FALSE, 'Cozinheiro', 2884.24);
insert into funcionario (id, id_pessoa_fisica, matricula, data_admissao, situacao, cargo, salario) values (3,  58, 324,   '1995-04-11', FALSE, 'Lavanderia', 2925.17);
insert into funcionario (id, id_pessoa_fisica, matricula, data_admissao, situacao, cargo, salario) values (4,  59, 693,   '1985-05-23', FALSE, 'Segurança', 2063.88);
insert into funcionario (id, id_pessoa_fisica, matricula, data_admissao, situacao, cargo, salario) values (5,  60, 620,   '1979-10-06', TRUE, 'Cozinheiro', 3778.18);
insert into funcionario (id, id_pessoa_fisica, matricula, data_admissao, situacao, cargo, salario) values (6,  61, 645,   '2020-03-21', FALSE, 'Segurança', 3443.69);
insert into funcionario (id, id_pessoa_fisica, matricula, data_admissao, situacao, cargo, salario) values (7,  62, 600,   '1977-06-21', FALSE, 'Lavanderia', 3660.80);
insert into funcionario (id, id_pessoa_fisica, matricula, data_admissao, situacao, cargo, salario) values (8,  63, 633,   '1986-12-05', FALSE, 'Garçom', 4850.24);
insert into funcionario (id, id_pessoa_fisica, matricula, data_admissao, situacao, cargo, salario) values (9,  64, 481,   '1976-04-12', TRUE, 'Faxineiro', 3588.94);
insert into funcionario (id, id_pessoa_fisica, matricula, data_admissao, situacao, cargo, salario) values (10, 65, 696,	  '2019-04-01', TRUE, 'Cozinheiro', 2100.57);
insert into funcionario (id, id_pessoa_fisica, matricula, data_admissao, situacao, cargo, salario) values (11, 66, 152,   '1985-09-13', TRUE, 'Segurança', 1547.65);
insert into funcionario (id, id_pessoa_fisica, matricula, data_admissao, situacao, cargo, salario) values (12, 67, 380,   '1986-08-30', TRUE, 'Faxineiro', 5394.35);
insert into funcionario (id, id_pessoa_fisica, matricula, data_admissao, situacao, cargo, salario) values (13, 68, 282,   '1980-11-16', TRUE, 'Lavanderia', 1769.22);
insert into funcionario (id, id_pessoa_fisica, matricula, data_admissao, situacao, cargo, salario) values (14, 69, 628,   '2021-11-13', TRUE, 'Cozinheiro', 3678.03);
insert into funcionario (id, id_pessoa_fisica, matricula, data_admissao, situacao, cargo, salario) values (15, 70, 138,   '1979-01-27', FALSE, 'Faxineiro',   2714.00);

--Inserts pessoa_juridica
insert into pessoa_juridica (id, cnpj, razao_social, nome_fantasia, data_abertura, id_pessoa) values ( 1, 46190644154589, 'Wells Fargo & Company', 'Bergnaum and Sons',                          '1905-04-10', 71  );
insert into pessoa_juridica (id, cnpj, razao_social, nome_fantasia, data_abertura, id_pessoa) values ( 2, 53786210972504, 'AG Mortgage Investment Trust, Inc.', 'Cummings Group',                '1942-12-10', 72  );
insert into pessoa_juridica (id, cnpj, razao_social, nome_fantasia, data_abertura, id_pessoa) values ( 3, 18325676112325, 'Vanguard Russell 2000 ETF', 'O''Reilly, Nolan and Herman',            '1953-01-31', 73  );
insert into pessoa_juridica (id, cnpj, razao_social, nome_fantasia, data_abertura, id_pessoa) values ( 4, 82978529441311, 'Pacific Special Acquisition Corp.', 'Carter, Waters and Donnelly',    '1943-10-01', 74  );
insert into pessoa_juridica (id, cnpj, razao_social, nome_fantasia, data_abertura, id_pessoa) values ( 5, 64756605016838, 'Spectrum Brands Holdings, Inc.', 'MacGyver-Gleichner',                '1913-06-15', 75  );
insert into pessoa_juridica (id, cnpj, razao_social, nome_fantasia, data_abertura, id_pessoa) values ( 6, 76365383146748, 'MidSouth Bancorp', 'Douglas, Gottlieb and Sawayn',                    '2007-03-11', 76  );
insert into pessoa_juridica (id, cnpj, razao_social, nome_fantasia, data_abertura, id_pessoa) values ( 7, 71266790800404, 'EPR Properties', 'Sawayn-Wehner',                                     '1902-08-27', 77  );
insert into pessoa_juridica (id, cnpj, razao_social, nome_fantasia, data_abertura, id_pessoa) values ( 8, 96193147549024, 'Silvercrest Asset Management Group Inc.', 'Sporer, Wolff and Willms', '2017-02-04', 78  );
insert into pessoa_juridica (id, cnpj, razao_social, nome_fantasia, data_abertura, id_pessoa) values ( 9, 67818048252676, 'Peoples Financial Services Corp. ', 'Rolfson-Leuschke',               '1938-12-19', 79  );
insert into pessoa_juridica (id, cnpj, razao_social, nome_fantasia, data_abertura, id_pessoa) values (10, 20968671572744, 'Electronics for Imaging, Inc.', 'Kutch, Littel and Rempel',          '1927-10-20',  80 );
insert into pessoa_juridica (id, cnpj, razao_social, nome_fantasia, data_abertura, id_pessoa) values (11, 18524702465519, 'TriMas Corporation', 'Boyle-O''Reilly',                              '1944-10-04',  81 );
insert into pessoa_juridica (id, cnpj, razao_social, nome_fantasia, data_abertura, id_pessoa) values (12, 55248554700005, 'Immuron Limited', 'O''Connell LLC',                                  '1990-08-30',  82 );
insert into pessoa_juridica (id, cnpj, razao_social, nome_fantasia, data_abertura, id_pessoa) values (13, 19934604600431, 'WisdomTree U.S. SmallCap Quality Dividend Growth Fund', 'Welch LLC', '1960-05-20',  83 );
insert into pessoa_juridica (id, cnpj, razao_social, nome_fantasia, data_abertura, id_pessoa) values (14, 61310680920940, 'CIRCOR International, Inc.', 'Mueller-O''Reilly',                    '1983-10-28',  84 );
insert into pessoa_juridica (id, cnpj, razao_social, nome_fantasia, data_abertura, id_pessoa) values (15, 93564305278385, 'Crossroads Systems, Inc.', 'Grant, Maggio and Dickens',              '1994-12-06',  85 );
insert into pessoa_juridica (id, cnpj, razao_social, nome_fantasia, data_abertura, id_pessoa) values (16, 92074530722945, 'AK Steel Holding Corporation', 'Trantow Group',                      '1980-11-14',  86 );
insert into pessoa_juridica (id, cnpj, razao_social, nome_fantasia, data_abertura, id_pessoa) values (17, 21630887323435, 'Korea Equity Fund, Inc.', 'Quitzon-Torp',                            '1978-06-14',  87 );
insert into pessoa_juridica (id, cnpj, razao_social, nome_fantasia, data_abertura, id_pessoa) values (18, 26265401743814, 'Iridium Communications Inc', 'Lemke, Kreiger and Cruickshank',       '1935-01-02',  88 );
insert into pessoa_juridica (id, cnpj, razao_social, nome_fantasia, data_abertura, id_pessoa) values (19, 21235710838715, 'Deltic Timber Corporation', 'Barrows and Sons',                      '1906-09-05',  89 );
insert into pessoa_juridica (id, cnpj, razao_social, nome_fantasia, data_abertura, id_pessoa) values (20, 19310819427334, 'Hyatt Hotels Corporation', 'Swaniawski Inc',                         '1949-03-22',  90 );
insert into pessoa_juridica (id, cnpj, razao_social, nome_fantasia, data_abertura, id_pessoa) values (21, 80275175976617, 'Ovid Therapeutics Inc.', 'Hansen and Sons',                          '2007-10-22',  91 );
insert into pessoa_juridica (id, cnpj, razao_social, nome_fantasia, data_abertura, id_pessoa) values (22, 18942278676269, 'Quad Graphics, Inc', 'Kling, McCullough and McDermott',              '2007-06-05',  92 );
insert into pessoa_juridica (id, cnpj, razao_social, nome_fantasia, data_abertura, id_pessoa) values (23, 55717532289176, 'SB Financial Group, Inc.', 'Abbott-O''Conner',                       '1953-01-31',  93 );
insert into pessoa_juridica (id, cnpj, razao_social, nome_fantasia, data_abertura, id_pessoa) values (24, 22091630953146, 'Canadian Natural Resources Limited', 'Cremin-Ferry',                 '1959-05-03',  94 );
insert into pessoa_juridica (id, cnpj, razao_social, nome_fantasia, data_abertura, id_pessoa) values (25, 62722175859133, 'New York Times Company (The)', 'Botsford and Sons',                  '1948-07-17',  95 );
insert into pessoa_juridica (id, cnpj, razao_social, nome_fantasia, data_abertura, id_pessoa) values (26, 15930667395264, 'Neonode Inc.', 'Howe and Sons',                                      '1965-12-14',  96 );
insert into pessoa_juridica (id, cnpj, razao_social, nome_fantasia, data_abertura, id_pessoa) values (27, 22784311027497, 'Ambac Financial Group, Inc.', 'Kreiger-Hills',                       '1951-10-28',  97 );
insert into pessoa_juridica (id, cnpj, razao_social, nome_fantasia, data_abertura, id_pessoa) values (28, 48670435010808, 'Yelp Inc.', 'Osinski-Stamm',                                         '1915-03-09',  98 );
insert into pessoa_juridica (id, cnpj, razao_social, nome_fantasia, data_abertura, id_pessoa) values (29, 54802583185108, 'EMC Insurance Group Inc.', 'Quitzon-Goyette',                        '1959-01-29',  99 );
insert into pessoa_juridica (id, cnpj, razao_social, nome_fantasia, data_abertura, id_pessoa) values (30, 95097116148406, 'XG Technology, Inc', 'Streich, Kozey and Altenwerth',                '2005-09-16', 100);

--Inserts tipo_local_hospedagem
insert into tipo_local_hospedagem (id, nome, descricao) values (1,  'Hotel', 'Hotel luxuoso pronto para receber os clientes com atenciosidade');
insert into tipo_local_hospedagem (id, nome, descricao) values (2,  'Chalé', 'Chalé aconchegante, perfeito para passar o seu fim de semana');
insert into tipo_local_hospedagem (id, nome, descricao) values (3,  'Pousada', 'Localizado na beira do mar, venha curtir!');

--Inserts tipo_quarto
insert into tipo_quarto (id, nome, preco, descricao) values (1, 'Família',    643.25, 'Famíliar grande? Sem problemas, venha ficar em um de nossos quartos tamanho família');
insert into tipo_quarto (id, nome, preco, descricao) values (2, 'Super-Luxo', 464.46, 'Quarto que oferece o melhor da nossa experiência');
insert into tipo_quarto (id, nome, preco, descricao) values (3, 'Luxo',       389.28, 'Quarto que oferece uma das melhores experiências possíveis na nossa rede de hospedagem');
insert into tipo_quarto (id, nome, preco, descricao) values (4, 'Standard',   200.00, 'Quarto regular');
insert into tipo_quarto (id, nome, preco, descricao) values (5, 'Economico',  125.07, 'Apertado de grana mas precisa viajar? Essa opção é para você');

--Inserts tipo_servico
insert into tipo_servico (id, nome, preco, descricao) values (1, 'Lavanderia',           30.00, 'Sua roupa lavada com o melhores produtos do mercado e entregue na porta de seu quarto');
insert into tipo_servico (id, nome, preco, descricao) values (2, 'Academia',             40.00, 'Fique em forma, mesmo nas férias com a nossa academia');
insert into tipo_servico (id, nome, preco, descricao) values (3, 'Sapateiro',            10.00, 'Seu sapato novinha em folha, pronto para uso');
insert into tipo_servico (id, nome, preco, descricao) values (4, 'Aluguel de bicicleta', 15.00, 'Conheça os locais mais charmosos do nosso bairro alugando uma bicicleta');
insert into tipo_servico (id, nome, preco, descricao) values (5, 'Wifi',                 8.00, 'Wifi para você se conectar com o mundo');

--Inserts quarto
insert into quarto (id, id_tipo_quarto, capacidade,numero_de_camas,numero) values (1, 2, 4 , 1,8047);
insert into quarto (id, id_tipo_quarto, capacidade,numero_de_camas,numero) values (2, 5, 1 , 2,7022);
insert into quarto (id, id_tipo_quarto, capacidade,numero_de_camas,numero) values (3, 2, 4 , 1,4093);
insert into quarto (id, id_tipo_quarto, capacidade,numero_de_camas,numero) values (4, 1, 5 , 2,1903);
insert into quarto (id, id_tipo_quarto, capacidade,numero_de_camas,numero) values (5, 5, 1 , 3,1909);
insert into quarto (id, id_tipo_quarto, capacidade,numero_de_camas,numero) values (6, 5, 1 , 1,5007);
insert into quarto (id, id_tipo_quarto, capacidade,numero_de_camas,numero) values (7, 4, 2 , 1,0052);
insert into quarto (id, id_tipo_quarto, capacidade,numero_de_camas,numero) values (8, 2, 4 , 2,6005);
insert into quarto (id, id_tipo_quarto, capacidade,numero_de_camas,numero) values (9, 4, 2 , 2,3015);
insert into quarto (id, id_tipo_quarto, capacidade,numero_de_camas,numero) values (10, 1, 5, 2,3050);
insert into quarto (id, id_tipo_quarto, capacidade,numero_de_camas,numero) values (11, 2, 2, 2,4024);
insert into quarto (id, id_tipo_quarto, capacidade,numero_de_camas,numero) values (12, 1, 5, 4,7003);
insert into quarto (id, id_tipo_quarto, capacidade,numero_de_camas,numero) values (13, 2, 4, 2,0049);
insert into quarto (id, id_tipo_quarto, capacidade,numero_de_camas,numero) values (14, 3, 3, 2,7017);
insert into quarto (id, id_tipo_quarto, capacidade,numero_de_camas,numero) values (15, 2, 4, 3,6026);
insert into quarto (id, id_tipo_quarto, capacidade,numero_de_camas,numero) values (16, 5, 1, 1,1011);
insert into quarto (id, id_tipo_quarto, capacidade,numero_de_camas,numero) values (17, 3, 4, 2,3022);
insert into quarto (id, id_tipo_quarto, capacidade,numero_de_camas,numero) values (18, 4, 2, 2,4058);
insert into quarto (id, id_tipo_quarto, capacidade,numero_de_camas,numero) values (19, 4, 2, 2,1014);
insert into quarto (id, id_tipo_quarto, capacidade,numero_de_camas,numero) values (20, 1, 5, 3,7004);
insert into quarto (id, id_tipo_quarto, capacidade,numero_de_camas,numero) values (21, 3, 3, 3,5024);
insert into quarto (id, id_tipo_quarto, capacidade,numero_de_camas,numero) values (22, 4, 2, 3,3095);
insert into quarto (id, id_tipo_quarto, capacidade,numero_de_camas,numero) values (23, 3, 3, 2,4099);
insert into quarto (id, id_tipo_quarto, capacidade,numero_de_camas,numero) values (24, 4, 2, 2,2099);
insert into quarto (id, id_tipo_quarto, capacidade,numero_de_camas,numero) values (25, 5, 1, 1,4031);
insert into quarto (id, id_tipo_quarto, capacidade,numero_de_camas,numero) values (26, 2, 4, 2,6042);
insert into quarto (id, id_tipo_quarto, capacidade,numero_de_camas,numero) values (27, 3, 3, 2,8079);
insert into quarto (id, id_tipo_quarto, capacidade,numero_de_camas,numero) values (28, 1, 5, 4,3094);
insert into quarto (id, id_tipo_quarto, capacidade,numero_de_camas,numero) values (29, 1, 5, 5,5018);
insert into quarto (id, id_tipo_quarto, capacidade,numero_de_camas,numero) values (30, 3, 3, 2,1044);

--Inserts local_hospedagem
insert into local_hospedagem (id, id_tipo_local_hospedagem, id_quarto, nome, descricao, endereco) values (1, 1, 14, 'Hotel Estadia', 'Hotel luxuoso pronto para receber os clientes com atenciosidade', '43533 Clyde Gallagher Avenue');
insert into local_hospedagem (id, id_tipo_local_hospedagem, id_quarto, nome, descricao, endereco) values (2, 2, 4, 'Chalé do Mário', 'Chalé aconchegante, perfeito para passar o seu fim de semana', '95715 Mcbride Lane');
insert into local_hospedagem (id, id_tipo_local_hospedagem, id_quarto, nome, descricao, endereco) values (3, 2, 5, 'Chalé Passarinho', 'Chalé aconchegante, perfeito para passar o seu fim de semana', '8162 Elka Park');
insert into local_hospedagem (id, id_tipo_local_hospedagem, id_quarto, nome, descricao, endereco) values (4, 3, 5, 'Pousada Beira-mar', 'Localizado na beira do mar, venha curtir!', '369 Roth Street');
insert into local_hospedagem (id, id_tipo_local_hospedagem, id_quarto, nome, descricao, endereco) values (5, 3, 7, 'Pousada Brisa do Vento', 'Localizado na beira do mar, venha curtir!', '8078 Blue Bill Park Plaza');
insert into local_hospedagem (id, id_tipo_local_hospedagem, id_quarto, nome, descricao, endereco) values (6, 1, 6, 'Hotel Precioso', 'Hotel luxuoso pronto para receber os clientes com atenciosidade', '9840 Utah Point');
insert into local_hospedagem (id, id_tipo_local_hospedagem, id_quarto, nome, descricao, endereco) values (7, 1, 1, 'Hotel Dourado', 'Hotel luxuoso pronto para receber os clientes com atenciosidade', '781 Sutteridge Hill');
insert into local_hospedagem (id, id_tipo_local_hospedagem, id_quarto, nome, descricao, endereco) values (8, 1, 2, 'Hotel Inácio', 'Hotel luxuoso pronto para receber os clientes com atenciosidade', '38249 Hooker Road');
insert into local_hospedagem (id, id_tipo_local_hospedagem, id_quarto, nome, descricao, endereco) values (9, 3, 3, 'Pousada Praieira', 'Localizado na beira do mar, venha curtir!', '0 Hoard Terrace');
insert into local_hospedagem (id, id_tipo_local_hospedagem, id_quarto, nome, descricao, endereco) values (10, 2, 7, 'Chalé do Vale', 'Chalé aconchegante, perfeito para passar o seu fim de semana', '35 Del Mar Point');
insert into local_hospedagem (id, id_tipo_local_hospedagem, id_quarto, nome, descricao, endereco) values (11, 1, 6, 'Hotel Verde', 'Hotel luxuoso pronto para receber os clientes com atenciosidade', '055 Westridge Avenue');
insert into local_hospedagem (id, id_tipo_local_hospedagem, id_quarto, nome, descricao, endereco) values (12, 1, 4, 'Hotel Azul', 'Hotel luxuoso pronto para receber os clientes com atenciosidade', '712 Westridge Alley');
insert into local_hospedagem (id, id_tipo_local_hospedagem, id_quarto, nome, descricao, endereco) values (13, 3, 8, 'Pousada Mar Bonito', 'Localizado na beira do mar, venha curtir!', '9 Buena Vista Court');
insert into local_hospedagem (id, id_tipo_local_hospedagem, id_quarto, nome, descricao, endereco) values (14, 2, 6, 'Chalé Ensolarado', 'Chalé aconchegante, perfeito para passar o seu fim de semana', '676 Fairview Road');
insert into local_hospedagem (id, id_tipo_local_hospedagem, id_quarto, nome, descricao, endereco) values (15, 1, 5, 'Hotel Medieval', 'Hotel luxuoso pronto para receber os clientes com atenciosidade', '07 Meadow Ridge Park');
insert into local_hospedagem (id, id_tipo_local_hospedagem, id_quarto, nome, descricao, endereco) values (16, 1, 17, 'Hotel Império', 'Hotel luxuoso pronto para receber os clientes com atenciosidade', '5 Trailsway Circle');
insert into local_hospedagem (id, id_tipo_local_hospedagem, id_quarto, nome, descricao, endereco) values (17, 3, 2, 'Pousada Paraíso', 'Localizado na beira do mar, venha curtir!', '68335 Beilfuss Avenue');
insert into local_hospedagem (id, id_tipo_local_hospedagem, id_quarto, nome, descricao, endereco) values (18, 2, 4, 'Chalé Aconchegante', 'Chalé aconchegante, perfeito para passar o seu fim de semana', '60 Pawling Park');
insert into local_hospedagem (id, id_tipo_local_hospedagem, id_quarto, nome, descricao, endereco) values (19, 1, 7, 'Hotel Sol', 'Hotel luxuoso pronto para receber os clientes com atenciosidade', '35 Dawn Place');
insert into local_hospedagem (id, id_tipo_local_hospedagem, id_quarto, nome, descricao, endereco) values (20, 1, 3, 'Hotel Perfeito', 'Hotel luxuoso pronto para receber os clientes com atenciosidade', '9 Bartillon Avenue');
insert into local_hospedagem (id, id_tipo_local_hospedagem, id_quarto, nome, descricao, endereco) values (21, 3, 8, 'Pousada Sorriso', 'Localizado na beira do mar, venha curtir!', '65 Bashford Terrace');
insert into local_hospedagem (id, id_tipo_local_hospedagem, id_quarto, nome, descricao, endereco) values (22, 3, 21, 'Pousada Refrescante', 'Localizado na beira do mar, venha curtir!', '703 Stone Corner Avenue');
insert into local_hospedagem (id, id_tipo_local_hospedagem, id_quarto, nome, descricao, endereco) values (23, 1, 8, 'Hotel Luiz', 'Hotel luxuoso pronto para receber os clientes com atenciosidade', '3957 1st Avenue');
insert into local_hospedagem (id, id_tipo_local_hospedagem, id_quarto, nome, descricao, endereco) values (24, 2, 4, 'Chalé Sonho', 'Chalé aconchegante, perfeito para passar o seu fim de semana', '31663 Loomis Court');
insert into local_hospedagem (id, id_tipo_local_hospedagem, id_quarto, nome, descricao, endereco) values (25, 2, 8, 'Chalé Calmo', 'Chalé aconchegante, perfeito para passar o seu fim de semana', '69962 Bonner Trail');
insert into local_hospedagem (id, id_tipo_local_hospedagem, id_quarto, nome, descricao, endereco) values (26, 3, 8, 'Pousada das Areias', 'Localizado na beira do mar, venha curtir!', '4 Spenser Circle');
insert into local_hospedagem (id, id_tipo_local_hospedagem, id_quarto, nome, descricao, endereco) values (27, 1, 8, 'Hotel Central', 'Hotel luxuoso pronto para receber os clientes com atenciosidade', '44 Jackson Way');
insert into local_hospedagem (id, id_tipo_local_hospedagem, id_quarto, nome, descricao, endereco) values (28, 1, 4, 'Hotel Veraneio', 'Hotel luxuoso pronto para receber os clientes com atenciosidade', '15182 Stoughton Park');
insert into local_hospedagem (id, id_tipo_local_hospedagem, id_quarto, nome, descricao, endereco) values (29, 3, 2, 'Pousada Tubarão', 'Localizado na beira do mar, venha curtir!', '4 Sunnyside Pass');
insert into local_hospedagem (id, id_tipo_local_hospedagem, id_quarto, nome, descricao, endereco) values (30, 1, 4, 'Hotel Príncipe', 'Hotel luxuoso pronto para receber os clientes com atenciosidade', '5 Ridgeview Drive');

----Inserts produto
insert into produto (id, id_local_hospedagem, nome, descricao, preco, quantidade_em_estoque) values (1, 1, 'Água mineral s/ gás, 500ml', 'Água mineral Voss 500ml sem gás, vem em garrafa de vidro',                                            100.00, 100);
insert into produto (id, id_local_hospedagem, nome, descricao, preco, quantidade_em_estoque) values (2, 2, 'Água mineral c/ gás, 500ml', 'Água mineral Voss 500ml com gás, vem em garrafa de vidro',                                            100.00, 100);
insert into produto (id, id_local_hospedagem, nome, descricao, preco, quantidade_em_estoque) values (3, 3, 'Sanduíche de frango', 'Sanduíche de frango, queijo cheddar e nosso molho especial',                                                 20.00, 10);
insert into produto (id, id_local_hospedagem, nome, descricao, preco, quantidade_em_estoque) values (4, 4, 'Sanduíche Veggie', 'Sanduíche para aqueles que escolheram um estilo de vida saudável: Alface, tomate, rúcula, maionese e cenoura;', 25.00, 15);
insert into produto (id, id_local_hospedagem, nome, descricao, preco, quantidade_em_estoque) values (5, 5, 'Salgadinho 100g', 'Salgadinho sabor queijo',                                                                                        8.00, 25);
insert into produto (id, id_local_hospedagem, nome, descricao, preco, quantidade_em_estoque) values (6, 6, 'Refrigerante', 'Bebida gaseficada',                                                                                                 5.00, 150);
insert into produto (id, id_local_hospedagem, nome, descricao, preco, quantidade_em_estoque) values (7, 7, 'Batata frita', 'Porção de fritas: 250g das mais deliciosas batatas fritas que você já viu. Acompanha molho especial',               30.00, 87);

--Inserts reserva
insert into reserva (id, id_pessoa, id_local_hospedagem, data_inicio, data_fim, status_reserva, valor_total) values (1, 1,   10,   '1978-02-02', '1978-02-28', TRUE, 3982.82);
insert into reserva (id, id_pessoa, id_local_hospedagem, data_inicio, data_fim, status_reserva, valor_total) values (2, 2,   7 ,   '2022-03-10', '2022-03-15', TRUE, 2532.03);
insert into reserva (id, id_pessoa, id_local_hospedagem, data_inicio, data_fim, status_reserva, valor_total) values (3, 3,   10,   '2022-06-20', '2022-06-28', TRUE, 1576.23);
insert into reserva (id, id_pessoa, id_local_hospedagem, data_inicio, data_fim, status_reserva, valor_total) values (4, 4,   24,   '2012-07-10', '2012-07-17', TRUE,  883.31);
insert into reserva (id, id_pessoa, id_local_hospedagem, data_inicio, data_fim, status_reserva, valor_total) values (5, 5,   17,   '1980-06-02', '1980-06-28', TRUE, 3982.82);
insert into reserva (id, id_pessoa, id_local_hospedagem, data_inicio, data_fim, status_reserva, valor_total) values (6, 6,   15,   '1990-12-15', '1990-12-23', TRUE,  883.31);
insert into reserva (id, id_pessoa, id_local_hospedagem, data_inicio, data_fim, status_reserva, valor_total) values (7, 7,   11,   '1980-10-18', '1980-11-01', TRUE, 1576.23);
insert into reserva (id, id_pessoa, id_local_hospedagem, data_inicio, data_fim, status_reserva, valor_total) values (8, 8,   7 ,   '2002-05-12', '2002-05-23', TRUE, 2532.03);
insert into reserva (id, id_pessoa, id_local_hospedagem, data_inicio, data_fim, status_reserva, valor_total) values (9, 9,  16,  '2020-03-02', '2020-03-30', TRUE, 3982.82);
insert into reserva (id, id_pessoa, id_local_hospedagem, data_inicio, data_fim, status_reserva, valor_total) values (10, 60, 11, '2022-10-10', '2022-10-20', TRUE, 1576.23);
insert into reserva (id, id_pessoa, id_local_hospedagem, data_inicio, data_fim, status_reserva, valor_total) values (11, 11, 26, '2017-05-22', '2017-05-28', TRUE, 2532.03);
insert into reserva (id, id_pessoa, id_local_hospedagem, data_inicio, data_fim, status_reserva, valor_total) values (12, 62, 18, '2022-08-02', '2022-08-20', TRUE,  883.31);
insert into reserva (id, id_pessoa, id_local_hospedagem, data_inicio, data_fim, status_reserva, valor_total) values (13, 13, 28, '2022-03-01', '2022-03-10', TRUE, 3982.82);
insert into reserva (id, id_pessoa, id_local_hospedagem, data_inicio, data_fim, status_reserva, valor_total) values (14, 14, 8 , '2001-02-12', '2001-02-28', TRUE, 1576.23);
insert into reserva (id, id_pessoa, id_local_hospedagem, data_inicio, data_fim, status_reserva, valor_total) values (15, 15, 7 , '2004-03-25', '2004-04-03', TRUE,  883.31);
insert into reserva (id, id_pessoa, id_local_hospedagem, data_inicio, data_fim, status_reserva, valor_total) values (16, 16, 16, '2010-02-28', '2010-03-05', TRUE, 2532.03);
insert into reserva (id, id_pessoa, id_local_hospedagem, data_inicio, data_fim, status_reserva, valor_total) values (17, 17, 9 , '1999-02-15', '1999-02-28', TRUE, 1576.23);
insert into reserva (id, id_pessoa, id_local_hospedagem, data_inicio, data_fim, status_reserva, valor_total) values (18, 71, 2 , '1990-06-02', '1990-06-10', TRUE, 2532.03);
insert into reserva (id, id_pessoa, id_local_hospedagem, data_inicio, data_fim, status_reserva, valor_total) values (19, 19, 23, '1999-08-05', '1999-08-23', TRUE, 3982.82);
insert into reserva (id, id_pessoa, id_local_hospedagem, data_inicio, data_fim, status_reserva, valor_total) values (20, 20, 5 , '1988-03-02', '1988-03-16', TRUE, 3982.82);
insert into reserva (id, id_pessoa, id_local_hospedagem, data_inicio, data_fim, status_reserva, valor_total) values (21, 21, 24, '1978-06-08', '1978-06-26', TRUE,  883.31);
insert into reserva (id, id_pessoa, id_local_hospedagem, data_inicio, data_fim, status_reserva, valor_total) values (22, 22, 16, '1998-01-02', '1998-01-28', TRUE, 3982.82);
insert into reserva (id, id_pessoa, id_local_hospedagem, data_inicio, data_fim, status_reserva, valor_total) values (23, 23, 17, '2007-07-07', '2007-07-20', TRUE,  883.31);
insert into reserva (id, id_pessoa, id_local_hospedagem, data_inicio, data_fim, status_reserva, valor_total) values (24, 24, 11, '2000-08-06', '2000-08-25', TRUE, 1576.23);
insert into reserva (id, id_pessoa, id_local_hospedagem, data_inicio, data_fim, status_reserva, valor_total) values (25, 25, 18, '2015-09-09', '2015-09-20', TRUE, 3982.82);
insert into reserva (id, id_pessoa, id_local_hospedagem, data_inicio, data_fim, status_reserva, valor_total) values (26, 26, 12, '1990-12-02', '1990-12-13', TRUE, 2532.03);
insert into reserva (id, id_pessoa, id_local_hospedagem, data_inicio, data_fim, status_reserva, valor_total) values (27, 27, 5 , '1979-11-12', '1979-11-20', TRUE, 3982.82);
insert into reserva (id, id_pessoa, id_local_hospedagem, data_inicio, data_fim, status_reserva, valor_total) values (28, 28, 4 , '1997-06-06', '1997-06-25', TRUE, 1576.23);
insert into reserva (id, id_pessoa, id_local_hospedagem, data_inicio, data_fim, status_reserva, valor_total) values (29, 29, 19, '1994-07-05', '1994-07-24', TRUE, 2532.03);
insert into reserva (id, id_pessoa, id_local_hospedagem, data_inicio, data_fim, status_reserva, valor_total) values (30, 30, 15, '1984-04-10', '1984-04-24', TRUE,  883.31);
insert into reserva (id, id_pessoa, id_local_hospedagem, data_inicio, data_fim, status_reserva, valor_total) values (31, 31, 25, '2002-03-11', '2002-03-29', FALSE,    2532.03);
insert into reserva (id, id_pessoa, id_local_hospedagem, data_inicio, data_fim, status_reserva, valor_total) values (32, 32, 28, '2006-04-15', '2006-04-30', FALSE,    3982.82);
insert into reserva (id, id_pessoa, id_local_hospedagem, data_inicio, data_fim, status_reserva, valor_total) values (33, 33, 12, '2002-02-16', '2002-02-20', FALSE,    2532.03);
insert into reserva (id, id_pessoa, id_local_hospedagem, data_inicio, data_fim, status_reserva, valor_total) values (34, 34, 14, '1989-09-19', '1989-09-25', FALSE,    1576.23);
insert into reserva (id, id_pessoa, id_local_hospedagem, data_inicio, data_fim, status_reserva, valor_total) values (35, 35, 14, '2004-01-20', '2004-02-01', FALSE,    2532.03);
insert into reserva (id, id_pessoa, id_local_hospedagem, data_inicio, data_fim, status_reserva, valor_total) values (36, 36, 9 , '2019-03-02', '2019-03-15', FALSE,    3982.82);
insert into reserva (id, id_pessoa, id_local_hospedagem, data_inicio, data_fim, status_reserva, valor_total) values (37, 37, 8 , '1993-07-04', '1993-07-29', FALSE,     883.31);
insert into reserva (id, id_pessoa, id_local_hospedagem, data_inicio, data_fim, status_reserva, valor_total) values (38, 75, 3 , '1982-09-01', '1982-09-28', FALSE,    2532.03);
insert into reserva (id, id_pessoa, id_local_hospedagem, data_inicio, data_fim, status_reserva, valor_total) values (39, 39, 10, '1998-12-10', '1998-12-22', FALSE,    1576.23);
insert into reserva (id, id_pessoa, id_local_hospedagem, data_inicio, data_fim, status_reserva, valor_total) values (40, 40, 19, '2021-10-15', '2021-10-26', FALSE,    3982.82);
insert into reserva (id, id_pessoa, id_local_hospedagem, data_inicio, data_fim, status_reserva, valor_total) values (41, 41, 4 , '2000-03-30', '2000-04-04', FALSE,    2532.03);
insert into reserva (id, id_pessoa, id_local_hospedagem, data_inicio, data_fim, status_reserva, valor_total) values (42, 42, 28, '2003-08-20', '2003-08-30', FALSE,    1576.23);
insert into reserva (id, id_pessoa, id_local_hospedagem, data_inicio, data_fim, status_reserva, valor_total) values (43, 43, 1 , '1993-11-12', '1993-11-21', FALSE,    3982.82);
insert into reserva (id, id_pessoa, id_local_hospedagem, data_inicio, data_fim, status_reserva, valor_total) values (44, 80, 3 , '1994-06-13', '1994-06-26', FALSE,     883.31);
insert into reserva (id, id_pessoa, id_local_hospedagem, data_inicio, data_fim, status_reserva, valor_total) values (45, 45, 11, '1998-03-28', '1998-04-05', FALSE,    2532.03);
insert into reserva (id, id_pessoa, id_local_hospedagem, data_inicio, data_fim, status_reserva, valor_total) values (46, 46, 27, '1984-12-22', '1984-12-28', FALSE,    1576.23);
insert into reserva (id, id_pessoa, id_local_hospedagem, data_inicio, data_fim, status_reserva, valor_total) values (47, 47, 7 , '2000-08-12', '2000-08-23', FALSE,    3982.82);
insert into reserva (id, id_pessoa, id_local_hospedagem, data_inicio, data_fim, status_reserva, valor_total) values (48, 48, 12, '1997-07-27', '1997-08-05', FALSE,     883.31);
insert into reserva (id, id_pessoa, id_local_hospedagem, data_inicio, data_fim, status_reserva, valor_total) values (49, 49, 3 , '1991-01-05', '1991-01-27', FALSE,    1576.23);
insert into reserva (id, id_pessoa, id_local_hospedagem, data_inicio, data_fim, status_reserva, valor_total) values (50, 95, 3 , '1992-10-24', '1992-10-31', FALSE,    2532.03);

--Inserts hospedagem
insert into hospedagem (id, id_reserva, id_pessoa_fisica, data_check_in, data_check_out) values (1, 1, 1,    '1978-02-02', '1978-02-28');
insert into hospedagem (id, id_reserva, id_pessoa_fisica, data_check_in, data_check_out) values (2, 2, 2,    '2022-03-10', '2022-03-15');
insert into hospedagem (id, id_reserva, id_pessoa_fisica, data_check_in, data_check_out) values (3, 3, 3,    '2022-06-20', '2022-06-28');
insert into hospedagem (id, id_reserva, id_pessoa_fisica, data_check_in, data_check_out) values (4, 4, 4,    '2012-07-10', '2012-07-17');
insert into hospedagem (id, id_reserva, id_pessoa_fisica, data_check_in, data_check_out) values (5, 5, 5,    '1980-06-02', '1980-06-28');
insert into hospedagem (id, id_reserva, id_pessoa_fisica, data_check_in, data_check_out) values (6, 6, 6,    '1990-12-15', '1990-12-23');
insert into hospedagem (id, id_reserva, id_pessoa_fisica, data_check_in, data_check_out) values (7, 7, 7,    '1980-10-18', '1980-11-01');
insert into hospedagem (id, id_reserva, id_pessoa_fisica, data_check_in, data_check_out) values (8, 8, 8,    '2002-05-12', '2002-05-23');
insert into hospedagem (id, id_reserva, id_pessoa_fisica, data_check_in, data_check_out) values (9, 9, 9,    '2020-03-02', '2020-03-30');
insert into hospedagem (id, id_reserva, id_pessoa_fisica, data_check_in, data_check_out) values (10, 10, 10, '2022-10-10', '2022-10-20');
insert into hospedagem (id, id_reserva, id_pessoa_fisica, data_check_in, data_check_out) values (11, 11, 11, '2017-05-22', '2017-05-28');
insert into hospedagem (id, id_reserva, id_pessoa_fisica, data_check_in, data_check_out) values (12, 12, 12, '2022-08-02', '2022-08-20');
insert into hospedagem (id, id_reserva, id_pessoa_fisica, data_check_in, data_check_out) values (13, 13, 13, '2022-03-01', '2022-03-10');
insert into hospedagem (id, id_reserva, id_pessoa_fisica, data_check_in, data_check_out) values (14, 14, 14, '2001-02-12', '2001-02-28');
insert into hospedagem (id, id_reserva, id_pessoa_fisica, data_check_in, data_check_out) values (15, 15, 15, '2004-03-25', '2004-04-03');
insert into hospedagem (id, id_reserva, id_pessoa_fisica, data_check_in, data_check_out) values (16, 16, 16, '2010-02-28', '2010-03-05');
insert into hospedagem (id, id_reserva, id_pessoa_fisica, data_check_in, data_check_out) values (17, 17, 17, '1999-02-15', '1999-02-28');
insert into hospedagem (id, id_reserva, id_pessoa_fisica, data_check_in, data_check_out) values (18, 18, 18, '1990-06-02', '1990-06-10');
insert into hospedagem (id, id_reserva, id_pessoa_fisica, data_check_in, data_check_out) values (19, 19, 19, '1999-08-05', '1999-08-23');
insert into hospedagem (id, id_reserva, id_pessoa_fisica, data_check_in, data_check_out) values (20, 20, 20, '1988-03-02', '1988-03-16');
insert into hospedagem (id, id_reserva, id_pessoa_fisica, data_check_in, data_check_out) values (21, 21, 21, '1978-06-08', '1978-06-26');
insert into hospedagem (id, id_reserva, id_pessoa_fisica, data_check_in, data_check_out) values (22, 22, 22, '1998-01-02', '1998-01-28');
insert into hospedagem (id, id_reserva, id_pessoa_fisica, data_check_in, data_check_out) values (23, 23, 23, '2007-07-07', '2007-07-20');
insert into hospedagem (id, id_reserva, id_pessoa_fisica, data_check_in, data_check_out) values (24, 24, 24, '2000-08-06', '2000-08-25');
insert into hospedagem (id, id_reserva, id_pessoa_fisica, data_check_in, data_check_out) values (25, 25, 25, '2015-09-09', '2015-09-20');
insert into hospedagem (id, id_reserva, id_pessoa_fisica, data_check_in, data_check_out) values (26, 26, 26, '1990-12-02', '1990-12-13');
insert into hospedagem (id, id_reserva, id_pessoa_fisica, data_check_in, data_check_out) values (27, 27, 27, '1979-11-12', '1979-11-20');
insert into hospedagem (id, id_reserva, id_pessoa_fisica, data_check_in, data_check_out) values (28, 28, 28, '1997-06-06', '1997-06-25');
insert into hospedagem (id, id_reserva, id_pessoa_fisica, data_check_in, data_check_out) values (29, 29, 29, '1994-07-05', '1994-07-24');
insert into hospedagem (id, id_reserva, id_pessoa_fisica, data_check_in, data_check_out) values (30, 30, 30, '1984-04-10', '1984-04-24');

insert into hospedagem_produto (id_hospedagem, id_produto, quantidade, valor) values (1, 2, 3, 0.07);
insert into hospedagem_produto (id_hospedagem, id_produto, quantidade, valor) values (2, 3, 2, 0.37);
insert into hospedagem_produto (id_hospedagem, id_produto, quantidade, valor) values (3, 7, 1, 0.89);
insert into hospedagem_produto (id_hospedagem, id_produto, quantidade, valor) values (4, 7, 2, 0.02);
insert into hospedagem_produto (id_hospedagem, id_produto, quantidade, valor) values (5, 7, 2, 0.28);
insert into hospedagem_produto (id_hospedagem, id_produto, quantidade, valor) values (6, 2, 1, 0.76);
insert into hospedagem_produto (id_hospedagem, id_produto, quantidade, valor) values (7, 1, 3, 0.55);
insert into hospedagem_produto (id_hospedagem, id_produto, quantidade, valor) values (8, 4, 2, 0.86);
insert into hospedagem_produto (id_hospedagem, id_produto, quantidade, valor) values (9, 3, 1, 0.46);
insert into hospedagem_produto (id_hospedagem, id_produto, quantidade, valor) values (10, 1, 1, 0.88);
insert into hospedagem_produto (id_hospedagem, id_produto, quantidade, valor) values (11, 1, 3, 0.70);
insert into hospedagem_produto (id_hospedagem, id_produto, quantidade, valor) values (12, 1, 2, 0.28);
insert into hospedagem_produto (id_hospedagem, id_produto, quantidade, valor) values (13, 5, 2, 0.29);
insert into hospedagem_produto (id_hospedagem, id_produto, quantidade, valor) values (14, 3, 1, 0.01);
insert into hospedagem_produto (id_hospedagem, id_produto, quantidade, valor) values (15, 3, 3, 0.90);
insert into hospedagem_produto (id_hospedagem, id_produto, quantidade, valor) values (16, 5, 3, 0.57);
insert into hospedagem_produto (id_hospedagem, id_produto, quantidade, valor) values (17, 2, 3, 0.35);
insert into hospedagem_produto (id_hospedagem, id_produto, quantidade, valor) values (18, 1, 1, 0.01);
insert into hospedagem_produto (id_hospedagem, id_produto, quantidade, valor) values (19, 7, 2, 0.73);
insert into hospedagem_produto (id_hospedagem, id_produto, quantidade, valor) values (20, 2, 2, 0.24);
insert into hospedagem_produto (id_hospedagem, id_produto, quantidade, valor) values (21, 6, 2, 0.27);
insert into hospedagem_produto (id_hospedagem, id_produto, quantidade, valor) values (22, 4, 1, 0.29);
insert into hospedagem_produto (id_hospedagem, id_produto, quantidade, valor) values (23, 7, 1, 0.16);
insert into hospedagem_produto (id_hospedagem, id_produto, quantidade, valor) values (24, 5, 1, 0.35);
insert into hospedagem_produto (id_hospedagem, id_produto, quantidade, valor) values (25, 6, 3, 0.95);
insert into hospedagem_produto (id_hospedagem, id_produto, quantidade, valor) values (26, 1, 1, 0.56);
insert into hospedagem_produto (id_hospedagem, id_produto, quantidade, valor) values (27, 3, 2, 0.58);
insert into hospedagem_produto (id_hospedagem, id_produto, quantidade, valor) values (28, 3, 1, 0.05);
insert into hospedagem_produto (id_hospedagem, id_produto, quantidade, valor) values (29, 5, 1, 0.70);
insert into hospedagem_produto (id_hospedagem, id_produto, quantidade, valor) values (30, 6, 1, 0.47);

--Inserts servico
insert into servico (id, id_funcionario, id_hospedagem, id_tipo_servico, data_inicio_servico, data_fim_servico, status_do_servico) values (1, 11, 20, 3 , '1988-03-10', '1988-03-12', FALSE);
insert into servico (id, id_funcionario, id_hospedagem, id_tipo_servico, data_inicio_servico, data_fim_servico, status_do_servico) values (2, 8, 20, 4  , '1988-03-04', '1988-03-04', TRUE);
insert into servico (id, id_funcionario, id_hospedagem, id_tipo_servico, data_inicio_servico, data_fim_servico, status_do_servico) values (3, 3, 14, 4  , '2001-02-12', '2001-02-15', TRUE);
insert into servico (id, id_funcionario, id_hospedagem, id_tipo_servico, data_inicio_servico, data_fim_servico, status_do_servico) values (4, 15, 2, 5  , '2022-03-13', '2022-03-14', TRUE);
insert into servico (id, id_funcionario, id_hospedagem, id_tipo_servico, data_inicio_servico, data_fim_servico, status_do_servico) values (5, 6, 2, 5   , '2022-03-12', '2022-03-12', FALSE);
insert into servico (id, id_funcionario, id_hospedagem, id_tipo_servico, data_inicio_servico, data_fim_servico, status_do_servico) values (6, 12, 28, 1 , '1997-06-09', '1997-06-10', TRUE);
insert into servico (id, id_funcionario, id_hospedagem, id_tipo_servico, data_inicio_servico, data_fim_servico, status_do_servico) values (7, 15, 5, 4  , '1980-06-11', '1980-06-14', TRUE);
insert into servico (id, id_funcionario, id_hospedagem, id_tipo_servico, data_inicio_servico, data_fim_servico, status_do_servico) values (8, 12, 6, 4  , '1990-12-17', '1990-12-18', TRUE);
insert into servico (id, id_funcionario, id_hospedagem, id_tipo_servico, data_inicio_servico, data_fim_servico, status_do_servico) values (9, 1, 17, 1  , '1999-02-20', '1999-02-22', TRUE);
insert into servico (id, id_funcionario, id_hospedagem, id_tipo_servico, data_inicio_servico, data_fim_servico, status_do_servico) values (10, 2, 23, 2 , '2007-07-08', '2007-07-09', FALSE);
insert into servico (id, id_funcionario, id_hospedagem, id_tipo_servico, data_inicio_servico, data_fim_servico, status_do_servico) values (11, 9, 1, 3  , '1978-02-10', '1978-02-10', TRUE);
insert into servico (id, id_funcionario, id_hospedagem, id_tipo_servico, data_inicio_servico, data_fim_servico, status_do_servico) values (12, 7, 20, 5 , '1988-03-08', '1988-03-10', TRUE);
insert into servico (id, id_funcionario, id_hospedagem, id_tipo_servico, data_inicio_servico, data_fim_servico, status_do_servico) values (13, 7, 1, 4  , '1978-02-05', '1978-02-05', TRUE);
insert into servico (id, id_funcionario, id_hospedagem, id_tipo_servico, data_inicio_servico, data_fim_servico, status_do_servico) values (14, 15, 29, 4, '1994-07-12', '1994-07-12', TRUE);
insert into servico (id, id_funcionario, id_hospedagem, id_tipo_servico, data_inicio_servico, data_fim_servico, status_do_servico) values (15, 6, 2, 5  , '2022-03-11', '2022-03-14', FALSE);
insert into servico (id, id_funcionario, id_hospedagem, id_tipo_servico, data_inicio_servico, data_fim_servico, status_do_servico) values (16, 1, 28, 3 , '1997-06-16', '1997-06-16', TRUE);
insert into servico (id, id_funcionario, id_hospedagem, id_tipo_servico, data_inicio_servico, data_fim_servico, status_do_servico) values (17, 15, 7, 1 , '1980-10-25', '1980-10-27', TRUE);
insert into servico (id, id_funcionario, id_hospedagem, id_tipo_servico, data_inicio_servico, data_fim_servico, status_do_servico) values (18, 14, 12, 1, '2022-08-05', '2022-08-06', TRUE);
insert into servico (id, id_funcionario, id_hospedagem, id_tipo_servico, data_inicio_servico, data_fim_servico, status_do_servico) values (19, 11, 18, 1, '1990-06-06', '1990-06-07', FALSE);
insert into servico (id, id_funcionario, id_hospedagem, id_tipo_servico, data_inicio_servico, data_fim_servico, status_do_servico) values (20, 5, 10, 1, '2022-10-15', '2022-10-16', TRUE);
insert into servico (id, id_funcionario, id_hospedagem, id_tipo_servico, data_inicio_servico, data_fim_servico, status_do_servico) values (21, 9, 5, 2  , '1980-06-18', '1980-06-20', TRUE);
insert into servico (id, id_funcionario, id_hospedagem, id_tipo_servico, data_inicio_servico, data_fim_servico, status_do_servico) values (22, 9, 18, 1 , '1990-06-03', '1990-06-03', TRUE);
insert into servico (id, id_funcionario, id_hospedagem, id_tipo_servico, data_inicio_servico, data_fim_servico, status_do_servico) values (23, 2, 29, 4 , '1994-07-19', '1994-07-20', TRUE);
insert into servico (id, id_funcionario, id_hospedagem, id_tipo_servico, data_inicio_servico, data_fim_servico, status_do_servico) values (24, 3, 28, 1 , '1997-06-08', '1997-06-12', TRUE);
insert into servico (id, id_funcionario, id_hospedagem, id_tipo_servico, data_inicio_servico, data_fim_servico, status_do_servico) values (25, 9, 2, 4  , '2022-03-11', '2022-03-11', FALSE);
insert into servico (id, id_funcionario, id_hospedagem, id_tipo_servico, data_inicio_servico, data_fim_servico, status_do_servico) values (26, 10, 12, 1, '2022-08-15', '2022-08-16', TRUE);
insert into servico (id, id_funcionario, id_hospedagem, id_tipo_servico, data_inicio_servico, data_fim_servico, status_do_servico) values (27, 9, 12, 1 , '2022-08-03', '2022-08-04', TRUE);
insert into servico (id, id_funcionario, id_hospedagem, id_tipo_servico, data_inicio_servico, data_fim_servico, status_do_servico) values (28, 15, 30, 4, '1984-04-18', '1984-04-20', FALSE);
insert into servico (id, id_funcionario, id_hospedagem, id_tipo_servico, data_inicio_servico, data_fim_servico, status_do_servico) values (29, 5, 7, 3  , '1980-10-28', '1980-10-30', TRUE);
insert into servico (id, id_funcionario, id_hospedagem, id_tipo_servico, data_inicio_servico, data_fim_servico, status_do_servico) values (30, 13, 20, 5, '1988-03-09', '1988-03-11', FALSE);
