--Inserts Funcionario
insert into funcionario (id, id_pessoa_fisica, matricula, data_admissao, situacao, cargo, salario) values (1, 1, 630,   '1969-03-29', ativo, 'Garçom',     3221.25);
insert into funcionario (id, id_pessoa_fisica, matricula, data_admissao, situacao, cargo, salario) values (2, 2, 855,   '1907-08-11', inativo, 'Cozinheiro', 2884.24);
insert into funcionario (id, id_pessoa_fisica, matricula, data_admissao, situacao, cargo, salario) values (3, 3, 324,   '1921-04-11', inativo, 'Lavanderia', 2925.17);
insert into funcionario (id, id_pessoa_fisica, matricula, data_admissao, situacao, cargo, salario) values (4, 4, 693,   '1927-05-23', inativo, 'Segurança', 2063.88);
insert into funcionario (id, id_pessoa_fisica, matricula, data_admissao, situacao, cargo, salario) values (5, 5, 620,   '1966-10-06', ativo, 'Cozinheiro', 3778.18);
insert into funcionario (id, id_pessoa_fisica, matricula, data_admissao, situacao, cargo, salario) values (6, 6, 645,   '1992-03-21', inativo, 'Segurança', 3443.69);
insert into funcionario (id, id_pessoa_fisica, matricula, data_admissao, situacao, cargo, salario) values (7, 7, 600,   '1922-06-21', inativo, 'Lavanderia', 3660.80);
insert into funcionario (id, id_pessoa_fisica, matricula, data_admissao, situacao, cargo, salario) values (8, 8, 633,   '1954-12-05', inativo, 'Garçom', 4850.24);
insert into funcionario (id, id_pessoa_fisica, matricula, data_admissao, situacao, cargo, salario) values (9, 9, 481,   '1983-04-12', ativo, 'Faxineiro', 3588.94);
insert into funcionario (id, id_pessoa_fisica, matricula, data_admissao, situacao, cargo, salario) values (10, 10, 696, '2005-04-01', ativo, 'Cozinheiro', 2100.57);
insert into funcionario (id, id_pessoa_fisica, matricula, data_admissao, situacao, cargo, salario) values (11, 11, 152, '2005-09-13', ativo, 'Segurança', 1547.65);
insert into funcionario (id, id_pessoa_fisica, matricula, data_admissao, situacao, cargo, salario) values (12, 12, 380, '2015-08-30', ativo, 'Faxineiro', 5394.35);
insert into funcionario (id, id_pessoa_fisica, matricula, data_admissao, situacao, cargo, salario) values (13, 13, 282, '2006-11-16', ativo, 'Lavanderia', 1769.22);
insert into funcionario (id, id_pessoa_fisica, matricula, data_admissao, situacao, cargo, salario) values (14, 14, 628, '1973-11-13', ativo, 'Cozinheiro', 3678.03);
insert into funcionario (id, id_pessoa_fisica, matricula, data_admissao, situacao, cargo, salario) values (15, 15, 138, '1952-01-27', inativo, 'Faxineiro',   2714.00);
insert into funcionario (id, id_pessoa_fisica, matricula, data_admissao, situacao, cargo, salario) values (16, 16, 258, '1942-06-13', inativo, 'Recepcionista', 3595.76);
insert into funcionario (id, id_pessoa_fisica, matricula, data_admissao, situacao, cargo, salario) values (17, 17, 670, '1990-12-05', ativo, 'Garçom', 5331.83);
insert into funcionario (id, id_pessoa_fisica, matricula, data_admissao, situacao, cargo, salario) values (18, 18, 411, '1986-08-27', ativo, 'Recepcionista', 3527.96);
insert into funcionario (id, id_pessoa_fisica, matricula, data_admissao, situacao, cargo, salario) values (19, 19, 941, '1970-07-04', ativo, 'Segurança', 2432.78);
insert into funcionario (id, id_pessoa_fisica, matricula, data_admissao, situacao, cargo, salario) values (20, 20, 660, '1957-07-03', inativo, 'Cozinheiro', 5003.27);
insert into funcionario (id, id_pessoa_fisica, matricula, data_admissao, situacao, cargo, salario) values (21, 21, 843, '2002-01-25', ativo, 'Lavanderia', 2236.04);
insert into funcionario (id, id_pessoa_fisica, matricula, data_admissao, situacao, cargo, salario) values (22, 22, 684, '1909-01-29', ativo, 'Faxineiro', 4946.47);
insert into funcionario (id, id_pessoa_fisica, matricula, data_admissao, situacao, cargo, salario) values (23, 23, 181, '1991-08-21', ativo, 'Garçom', 3824.20);
insert into funcionario (id, id_pessoa_fisica, matricula, data_admissao, situacao, cargo, salario) values (24, 24, 590, '2019-03-20', ativo, 'Recepcionista', 2598.75);
insert into funcionario (id, id_pessoa_fisica, matricula, data_admissao, situacao, cargo, salario) values (25, 25, 319, '1990-06-13', ativo, 'Lavanderia', 2016.25);
insert into funcionario (id, id_pessoa_fisica, matricula, data_admissao, situacao, cargo, salario) values (26, 26, 513, '1921-08-28', inativo, 'Garçom', 3912.18);
insert into funcionario (id, id_pessoa_fisica, matricula, data_admissao, situacao, cargo, salario) values (27, 27, 143, '1997-11-11', ativo, 'Segurança', 3428.52);
insert into funcionario (id, id_pessoa_fisica, matricula, data_admissao, situacao, cargo, salario) values (28, 28, 663, '1941-12-28', inativo, 'Faxineiro', 4050.81);
insert into funcionario (id, id_pessoa_fisica, matricula, data_admissao, situacao, cargo, salario) values (29, 29, 728, '2015-10-13', ativo, 'Recepcionista', 2677.81);
insert into funcionario (id, id_pessoa_fisica, matricula, data_admissao, situacao, cargo, salario) values (30, 30, 143, '1993-07-18', ativo, 'Lavanderia', 4558.09);

--Inserts hospedagem_produto
insert into hospedagem_produto (id_hospedagem, id_produto, quantidade, valor) values (1, 1, 11, 60.62);
insert into hospedagem_produto (id_hospedagem, id_produto, quantidade, valor) values (2, 2, 9, 55.10);
insert into hospedagem_produto (id_hospedagem, id_produto, quantidade, valor) values (3, 3, 3, 24.75);
insert into hospedagem_produto (id_hospedagem, id_produto, quantidade, valor) values (4, 4, 16, 86.31);
insert into hospedagem_produto (id_hospedagem, id_produto, quantidade, valor) values (5, 5, 2, 32.25);
insert into hospedagem_produto (id_hospedagem, id_produto, quantidade, valor) values (6, 6, 4, 5.54);
insert into hospedagem_produto (id_hospedagem, id_produto, quantidade, valor) values (7, 7, 1, 72.01);
insert into hospedagem_produto (id_hospedagem, id_produto, quantidade, valor) values (8, 8, 8, 92.98);
insert into hospedagem_produto (id_hospedagem, id_produto, quantidade, valor) values (9, 9, 3, 57.11);
insert into hospedagem_produto (id_hospedagem, id_produto, quantidade, valor) values (10, 10, 10, 59.05);
insert into hospedagem_produto (id_hospedagem, id_produto, quantidade, valor) values (11, 11, 3, 27.43);
insert into hospedagem_produto (id_hospedagem, id_produto, quantidade, valor) values (12, 12, 1, 18.76);
insert into hospedagem_produto (id_hospedagem, id_produto, quantidade, valor) values (13, 13, 5, 98.48);
insert into hospedagem_produto (id_hospedagem, id_produto, quantidade, valor) values (14, 14, 2, 91.30);
insert into hospedagem_produto (id_hospedagem, id_produto, quantidade, valor) values (15, 15, 1, 62.20);
insert into hospedagem_produto (id_hospedagem, id_produto, quantidade, valor) values (16, 16, 16, 60.30);
insert into hospedagem_produto (id_hospedagem, id_produto, quantidade, valor) values (17, 17, 8, 34.06);
insert into hospedagem_produto (id_hospedagem, id_produto, quantidade, valor) values (18, 18, 2, 10.68);
insert into hospedagem_produto (id_hospedagem, id_produto, quantidade, valor) values (19, 19, 9, 64.43);
insert into hospedagem_produto (id_hospedagem, id_produto, quantidade, valor) values (20, 20, 6, 87.49);
insert into hospedagem_produto (id_hospedagem, id_produto, quantidade, valor) values (21, 21, 11, 27.04);
insert into hospedagem_produto (id_hospedagem, id_produto, quantidade, valor) values (22, 22, 6, 57.96);
insert into hospedagem_produto (id_hospedagem, id_produto, quantidade, valor) values (23, 23, 2, 38.74);
insert into hospedagem_produto (id_hospedagem, id_produto, quantidade, valor) values (24, 24, 4, 46.72);
insert into hospedagem_produto (id_hospedagem, id_produto, quantidade, valor) values (25, 25, 5, 38.29);
insert into hospedagem_produto (id_hospedagem, id_produto, quantidade, valor) values (26, 26, 1, 62.94);
insert into hospedagem_produto (id_hospedagem, id_produto, quantidade, valor) values (27, 27, 10, 89.70);
insert into hospedagem_produto (id_hospedagem, id_produto, quantidade, valor) values (28, 28, 5, 69.19);
insert into hospedagem_produto (id_hospedagem, id_produto, quantidade, valor) values (29, 29, 11, 96.43);
insert into hospedagem_produto (id_hospedagem, id_produto, quantidade, valor) values (30, 30, 2, 4.82);

--Inserts hospedagem
insert into hospedagem (id, id_reserva, id_pessoa_fisica, data_check_in, data_check_out) values (1, 1, 1,    '2022-12-20', '2022-12-27');
insert into hospedagem (id, id_reserva, id_pessoa_fisica, data_check_in, data_check_out) values (2, 2, 2,    '1900-05-04', '1900-05-10');
insert into hospedagem (id, id_reserva, id_pessoa_fisica, data_check_in, data_check_out) values (3, 3, 3,    '1935-08-30', '1935-09-15');
insert into hospedagem (id, id_reserva, id_pessoa_fisica, data_check_in, data_check_out) values (4, 4, 4,    '1949-12-26', '1949-12-29');
insert into hospedagem (id, id_reserva, id_pessoa_fisica, data_check_in, data_check_out) values (5, 5, 5,    '1957-12-20', '1957-12-28');
insert into hospedagem (id, id_reserva, id_pessoa_fisica, data_check_in, data_check_out) values (6, 6, 6,    '2022-07-27', '2022-08-02');
insert into hospedagem (id, id_reserva, id_pessoa_fisica, data_check_in, data_check_out) values (7, 7, 7,    '2003-09-24', '2003-10-14');
insert into hospedagem (id, id_reserva, id_pessoa_fisica, data_check_in, data_check_out) values (8, 8, 8,    '1906-08-21', '1906-09-22');
insert into hospedagem (id, id_reserva, id_pessoa_fisica, data_check_in, data_check_out) values (9, 9, 9,    '1982-11-21', '1982-12-10');
insert into hospedagem (id, id_reserva, id_pessoa_fisica, data_check_in, data_check_out) values (10, 10, 10, '1972-09-10', '1972-09-14');
insert into hospedagem (id, id_reserva, id_pessoa_fisica, data_check_in, data_check_out) values (11, 11, 11, '2022-03-04', '2022-03-08');
insert into hospedagem (id, id_reserva, id_pessoa_fisica, data_check_in, data_check_out) values (12, 12, 12, '1987-03-10', '1987-05-23');
insert into hospedagem (id, id_reserva, id_pessoa_fisica, data_check_in, data_check_out) values (13, 13, 13, '1928-11-29', '1928-12-29');
insert into hospedagem (id, id_reserva, id_pessoa_fisica, data_check_in, data_check_out) values (14, 14, 14, '2004-10-18', '2004-11-21');
insert into hospedagem (id, id_reserva, id_pessoa_fisica, data_check_in, data_check_out) values (15, 15, 15, '1953-12-16', '1954-01-05');
insert into hospedagem (id, id_reserva, id_pessoa_fisica, data_check_in, data_check_out) values (16, 16, 16, '1944-04-08', '1944-06-30');
insert into hospedagem (id, id_reserva, id_pessoa_fisica, data_check_in, data_check_out) values (17, 17, 17, '1951-10-08', '1951-11-03');
insert into hospedagem (id, id_reserva, id_pessoa_fisica, data_check_in, data_check_out) values (18, 18, 18, '1900-12-03', '1901-01-02');
insert into hospedagem (id, id_reserva, id_pessoa_fisica, data_check_in, data_check_out) values (19, 19, 19, '2003-10-14', '2003-12-03');
insert into hospedagem (id, id_reserva, id_pessoa_fisica, data_check_in, data_check_out) values (20, 20, 20, '2022-08-09', '2022-09-10');
insert into hospedagem (id, id_reserva, id_pessoa_fisica, data_check_in, data_check_out) values (21, 21, 21, '1900-10-30', '1900-11-30');
insert into hospedagem (id, id_reserva, id_pessoa_fisica, data_check_in, data_check_out) values (22, 22, 22, '1970-05-18', '1970-05-19');
insert into hospedagem (id, id_reserva, id_pessoa_fisica, data_check_in, data_check_out) values (23, 23, 23, '1979-10-29', '1979-11-15');
insert into hospedagem (id, id_reserva, id_pessoa_fisica, data_check_in, data_check_out) values (24, 24, 24, '1923-07-26', '1923-07-30');
insert into hospedagem (id, id_reserva, id_pessoa_fisica, data_check_in, data_check_out) values (25, 25, 25, '2005-05-10', '2005-07-22');
insert into hospedagem (id, id_reserva, id_pessoa_fisica, data_check_in, data_check_out) values (26, 26, 26, '1932-06-13', '1932-07-11');
insert into hospedagem (id, id_reserva, id_pessoa_fisica, data_check_in, data_check_out) values (27, 27, 27, '2013-08-16', '2013-08-31');
insert into hospedagem (id, id_reserva, id_pessoa_fisica, data_check_in, data_check_out) values (28, 28, 28, '1925-04-22', '1925-06-01');
insert into hospedagem (id, id_reserva, id_pessoa_fisica, data_check_in, data_check_out) values (29, 29, 29, '2022-03-30', '2022-04-18');
insert into hospedagem (id, id_reserva, id_pessoa_fisica, data_check_in, data_check_out) values (30, 30, 30, '2012-07-05', '2012-08-02');

--Inserts local_hospedagem
insert into local_hospedagem (id, id_tipo_local_hospedagem, id_quarto, nome, descricao, endereço) values (1, 2, 2, 'Hotel', 'Nosso hotel urbano, perfeito para quando você quer visitar cidades históricas', '43533 Clyde Gallagher Avenue');
insert into local_hospedagem (id, id_tipo_local_hospedagem, id_quarto, nome, descricao, endereço) values (2, 6, 4, 'Chalé', 'A calma reina por aqui, ideal para os momentos de descanso e tranquilidade que você tanto merece', '95715 Mcbride Lane');
insert into local_hospedagem (id, id_tipo_local_hospedagem, id_quarto, nome, descricao, endereço) values (3, 8, 5, 'Chalé', 'A calma reina por aqui, ideal para os momentos de descanso e tranquilidade que você tanto merece', '8162 Elka Park');
insert into local_hospedagem (id, id_tipo_local_hospedagem, id_quarto, nome, descricao, endereço) values (4, 8, 5, 'Pousada', 'Quer ir para a praia e aproveitar sol? Nossas pousadas são boas opções para você', '369 Roth Street');
insert into local_hospedagem (id, id_tipo_local_hospedagem, id_quarto, nome, descricao, endereço) values (5, 3, 7, 'Pousada', 'Quer ir para a praia e aproveitar sol? Nossas pousadas são boas opções para você', '8078 Blue Bill Park Plaza');
insert into local_hospedagem (id, id_tipo_local_hospedagem, id_quarto, nome, descricao, endereço) values (6, 7, 6, 'Hotel', 'Nosso hotel urbano, perfeito para quando você quer visitar cidades históricas', '9840 Utah Point');
insert into local_hospedagem (id, id_tipo_local_hospedagem, id_quarto, nome, descricao, endereço) values (7, 4, 1, 'Hotel', 'Nosso hotel urbano, perfeito para quando você quer visitar cidades históricas', '781 Sutteridge Hill');
insert into local_hospedagem (id, id_tipo_local_hospedagem, id_quarto, nome, descricao, endereço) values (8, 2, 2, 'Hotel', 'Nosso hotel urbano, perfeito para quando você quer visitar cidades históricas', '38249 Hooker Road');
insert into local_hospedagem (id, id_tipo_local_hospedagem, id_quarto, nome, descricao, endereço) values (9, 2, 3, 'Pousada', 'Quer ir para a praia e aproveitar sol? Nossas pousadas são boas opções para você', '0 Hoard Terrace');
insert into local_hospedagem (id, id_tipo_local_hospedagem, id_quarto, nome, descricao, endereço) values (10, 1, 7, 'Chalé', 'A calma reina por aqui, ideal para os momentos de descanso e tranquilidade que voc~e tanto merece', '35 Del Mar Point');
insert into local_hospedagem (id, id_tipo_local_hospedagem, id_quarto, nome, descricao, endereço) values (11, 7, 6, 'Hotel', 'Nosso hotel urbano, perfeito para quando você quer visitar cidades históricas', '055 Westridge Avenue');
insert into local_hospedagem (id, id_tipo_local_hospedagem, id_quarto, nome, descricao, endereço) values (12, 4, 4, 'Hotel', 'Nosso hotel urbano, perfeito para quando você quer visitar cidades históricas', '712 Westridge Alley');
insert into local_hospedagem (id, id_tipo_local_hospedagem, id_quarto, nome, descricao, endereço) values (13, 1, 8, 'Pousada', 'Quer ir para a praia e aproveitar sol? Nossas pousadas são boas opções para você', '9 Buena Vista Court');
insert into local_hospedagem (id, id_tipo_local_hospedagem, id_quarto, nome, descricao, endereço) values (14, 2, 6, 'Chalé', 'A calma reina por aqui, ideal para os momentos de descanso e tranquilidade que você tanto merece', '676 Fairview Road');
insert into local_hospedagem (id, id_tipo_local_hospedagem, id_quarto, nome, descricao, endereço) values (15, 8, 5, 'Hotel', 'Nosso hotel urbano, perfeito para quando você quer visitar cidades históricas', '07 Meadow Ridge Park');
insert into local_hospedagem (id, id_tipo_local_hospedagem, id_quarto, nome, descricao, endereço) values (16, 6, 7, 'Hotel', 'Nosso hotel urbano, perfeito para quando você quer visitar cidades históricas', '5 Trailsway Circle');
insert into local_hospedagem (id, id_tipo_local_hospedagem, id_quarto, nome, descricao, endereço) values (17, 5, 2, 'Pousada', 'Quer ir para a praia e aproveitar sol? Nossas pousadas são boas opções para você', '68335 Beilfuss Avenue');
insert into local_hospedagem (id, id_tipo_local_hospedagem, id_quarto, nome, descricao, endereço) values (18, 5, 4, 'Chalé', 'A calma reina por aqui, ideal para os momentos de descanso e tranquilidade que você tanto merece', '60 Pawling Park');
insert into local_hospedagem (id, id_tipo_local_hospedagem, id_quarto, nome, descricao, endereço) values (19, 2, 7, 'Hotel', 'Nosso hotel urbano, perfeito para quando você quer visitar cidades históricas', '35 Dawn Place');
insert into local_hospedagem (id, id_tipo_local_hospedagem, id_quarto, nome, descricao, endereço) values (20, 4, 3, 'Hotel', 'Nosso hotel urbano, perfeito para quando você quer visitar cidades históricas', '9 Bartillon Avenue');
insert into local_hospedagem (id, id_tipo_local_hospedagem, id_quarto, nome, descricao, endereço) values (21, 5, 8, 'Pousada', 'Quer ir para a praia e aproveitar sol? Nossas pousadas são boas opções para você', '65 Bashford Terrace');
insert into local_hospedagem (id, id_tipo_local_hospedagem, id_quarto, nome, descricao, endereço) values (22, 1, 6, 'Pousada', 'Quer ir para a praia e aproveitar sol? Nossas pousadas são boas opções para você', '703 Stone Corner Avenue');
insert into local_hospedagem (id, id_tipo_local_hospedagem, id_quarto, nome, descricao, endereço) values (23, 6, 8, 'Hotel', 'Nosso hotel urbano, perfeito para quando você quer visitar cidades históricas', '3957 1st Avenue');
insert into local_hospedagem (id, id_tipo_local_hospedagem, id_quarto, nome, descricao, endereço) values (24, 1, 4, 'Chalé', 'A calma reina por aqui, ideal para os momentos de descanso e tranquilidade que você tanto merece', '31663 Loomis Court');
insert into local_hospedagem (id, id_tipo_local_hospedagem, id_quarto, nome, descricao, endereço) values (25, 1, 8, 'Chalé', 'A calma reina por aqui, ideal para os momentos de descanso e tranquilidade que você tanto merece', '69962 Bonner Trail');
insert into local_hospedagem (id, id_tipo_local_hospedagem, id_quarto, nome, descricao, endereço) values (26, 8, 8, 'Pousada', 'Quer ir para a praia e aproveitar sol? Nossas pousadas são boas opções para você', '4 Spenser Circle');
insert into local_hospedagem (id, id_tipo_local_hospedagem, id_quarto, nome, descricao, endereço) values (27, 4, 8, 'Hotel', 'Nosso hotel urbano, perfeito para quando você quer visitar cidades históricas', '44 Jackson Way');
insert into local_hospedagem (id, id_tipo_local_hospedagem, id_quarto, nome, descricao, endereço) values (28, 8, 4, 'Hotel', 'Nosso hotel urbano, perfeito para quando você quer visitar cidades históricas', '15182 Stoughton Park');
insert into local_hospedagem (id, id_tipo_local_hospedagem, id_quarto, nome, descricao, endereço) values (29, 7, 2, 'Pousada', 'Quer ir para a praia e aproveitar sol? Nossas pousadas são boas opções para você', '4 Sunnyside Pass');
insert into local_hospedagem (id, id_tipo_local_hospedagem, id_quarto, nome, descricao, endereço) values (30, 7, 4, 'Hotel', 'Nosso hotel urbano, perfeito para quando você quer visitar cidades históricas', '5 Ridgeview Drive');

--Inserts pessoa_fisica
insert into pessoa_fisica (id, nome, cpf, rg, genero, data_nascimento, telefone_emergencia, id_pessoa) values (1, 'Claudian Aronovitz', 15238294201, 2245158880, 'Masculino',     '2022-08-23', '356-553-1498', 1);
insert into pessoa_fisica (id, nome, cpf, rg, genero, data_nascimento, telefone_emergencia, id_pessoa) values (2, 'Sharron Calver', 49700355857, 2345718597, 'Feminino',          '1980-04-01', '358-777-0429', 2);
insert into pessoa_fisica (id, nome, cpf, rg, genero, data_nascimento, telefone_emergencia, id_pessoa) values (3, 'Jayson Meiner', 27566583813, 2158837413, 'Masculino',          '2012-03-06', '325-620-9323', 3);
insert into pessoa_fisica (id, nome, cpf, rg, genero, data_nascimento, telefone_emergencia, id_pessoa) values (4, 'Laure Pavlov', 21335007447, 2183509923, 'Feminino',            '1927-10-20', '605-520-8714', 4);
insert into pessoa_fisica (id, nome, cpf, rg, genero, data_nascimento, telefone_emergencia, id_pessoa) values (5, 'Kincaid How', 86792342769, 2264675948, 'Masculino',            '2014-11-14', '608-360-4547', 5);
insert into pessoa_fisica (id, nome, cpf, rg, genero, data_nascimento, telefone_emergencia, id_pessoa) values (6, 'Vachel Gowler', 77865983528, 2175953073, 'Masculino',          '1910-01-13', '307-256-4083', 6);
insert into pessoa_fisica (id, nome, cpf, rg, genero, data_nascimento, telefone_emergencia, id_pessoa) values (7, 'Germayne Lawlings', 47504631055, 2214472417, 'Masculino',      '1938-09-06', '235-327-8014', 7);
insert into pessoa_fisica (id, nome, cpf, rg, genero, data_nascimento, telefone_emergencia, id_pessoa) values (8, 'Barnett Lucia', 84146445618, 2348309473, 'Masculino',          '1938-08-14', '998-376-3217', 8);
insert into pessoa_fisica (id, nome, cpf, rg, genero, data_nascimento, telefone_emergencia, id_pessoa) values (9, 'Mose Gladstone', 80487485885, 2197707138, 'Masculino',         '1986-02-03', '808-922-9013', 9);
insert into pessoa_fisica (id, nome, cpf, rg, genero, data_nascimento, telefone_emergencia, id_pessoa) values (10, 'Geraldine Ebenezer', 60737880238, 2277252797, 'Feminino',     '1988-10-15', '309-912-7661', 10);
insert into pessoa_fisica (id, nome, cpf, rg, genero, data_nascimento, telefone_emergencia, id_pessoa) values (11, 'Doroteya Jacklings', 48663625315, 2295533894, 'Feminino',     '2002-11-04', '593-761-3908', 11);
insert into pessoa_fisica (id, nome, cpf, rg, genero, data_nascimento, telefone_emergencia, id_pessoa) values (12, 'Andrea Cotgrove', 43850366996, 2317230223, 'Feminino',        '1982-05-17', '209-705-2449', 12);
insert into pessoa_fisica (id, nome, cpf, rg, genero, data_nascimento, telefone_emergencia, id_pessoa) values (13, 'Salomon Cushion', 60211209581, 2183577854, 'Masculino',       '1908-10-03', '942-366-0373', 13);
insert into pessoa_fisica (id, nome, cpf, rg, genero, data_nascimento, telefone_emergencia, id_pessoa) values (14, 'Rorie Kember', 40575232325, 2299900005, 'Feminino',           '1919-03-13', '192-777-7398', 14);
insert into pessoa_fisica (id, nome, cpf, rg, genero, data_nascimento, telefone_emergencia, id_pessoa) values (15, 'Rafa Tidy', 44806001726, 2218302729, 'Feminino',              '1947-10-09', '675-150-5747', 15);
insert into pessoa_fisica (id, nome, cpf, rg, genero, data_nascimento, telefone_emergencia, id_pessoa) values (16, 'Stearn Davoren', 20088301272, 2289061326, 'Masculino',        '1988-12-15', '698-782-0151', 16);
insert into pessoa_fisica (id, nome, cpf, rg, genero, data_nascimento, telefone_emergencia, id_pessoa) values (17, 'Sanderson Lennard', 50386602984, 2175902947, 'Masculino',     '2011-09-23', '773-561-9698', 17);
insert into pessoa_fisica (id, nome, cpf, rg, genero, data_nascimento, telefone_emergencia, id_pessoa) values (18, 'Morton Downgate', 56911083605, 2228486051, 'Masculino',       '1927-03-26', '717-175-7422', 18);
insert into pessoa_fisica (id, nome, cpf, rg, genero, data_nascimento, telefone_emergencia, id_pessoa) values (19, 'Nathanael Portinari', 33070892804, 2234211628, 'Masculino',   '1945-09-24', '617-599-0109', 19);
insert into pessoa_fisica (id, nome, cpf, rg, genero, data_nascimento, telefone_emergencia, id_pessoa) values (20, 'Donny Michallat', 81891972621, 2233531135, 'Feminino',        '1927-01-22', '493-930-1907', 20);
insert into pessoa_fisica (id, nome, cpf, rg, genero, data_nascimento, telefone_emergencia, id_pessoa) values (21, 'Egon Stiant', 49842433298, 2232278753, 'Masculino',           '1978-05-16', '988-503-4912', 21);
insert into pessoa_fisica (id, nome, cpf, rg, genero, data_nascimento, telefone_emergencia, id_pessoa) values (22, 'Rhea Jerdan', 37835448054, 2251353826, 'Feminino',            '1904-07-29', '926-364-8384', 22);
insert into pessoa_fisica (id, nome, cpf, rg, genero, data_nascimento, telefone_emergencia, id_pessoa) values (23, 'Christina MacGillespie', 19622826095, 2254965692, 'Feminino', '1996-12-08', '879-212-3117', 23);
insert into pessoa_fisica (id, nome, cpf, rg, genero, data_nascimento, telefone_emergencia, id_pessoa) values (24, 'Vera Nussey', 44711091836, 2344742185, 'Feminino',            '2011-05-22', '494-648-8189', 24);
insert into pessoa_fisica (id, nome, cpf, rg, genero, data_nascimento, telefone_emergencia, id_pessoa) values (25, 'Cordelia Rubenfeld', 37016585494, 2172948890, 'Feminino',     '1977-06-22', '807-691-8170', 25);
insert into pessoa_fisica (id, nome, cpf, rg, genero, data_nascimento, telefone_emergencia, id_pessoa) values (26, 'Fabio Easman', 59202000585, 2167439358, 'Masculino',          '1921-01-22', '613-164-4778', 26);
insert into pessoa_fisica (id, nome, cpf, rg, genero, data_nascimento, telefone_emergencia, id_pessoa) values (27, 'Amanda Semaine', 22856394097, 2187365492, 'Feminino',         '2021-03-08', '836-300-4110', 27);
insert into pessoa_fisica (id, nome, cpf, rg, genero, data_nascimento, telefone_emergencia, id_pessoa) values (28, 'Quinta Ind', 18963158204, 2268569719, 'Feminino',             '1931-01-13', '497-377-1021', 28);
insert into pessoa_fisica (id, nome, cpf, rg, genero, data_nascimento, telefone_emergencia, id_pessoa) values (29, 'Janos Brigham', 88785726141, 2236354803, 'Masculino',         '2005-03-21', '294-257-7004', 29);
insert into pessoa_fisica (id, nome, cpf, rg, genero, data_nascimento, telefone_emergencia, id_pessoa) values (30, 'Berry Simoes', 28713264098, 2201923465, 'Feminino',           '1952-08-09', '793-594-4096', 30);

--Inserts pessoa_juridica
insert into pessoa_juridica (id, cnpj, razao_social, nome_fantasia, data_abertura, id_pessoa) values (1, 46190644154589, 'Wells Fargo & Company', 'Bergnaum and Sons',                          '1905-04-10', 1);
insert into pessoa_juridica (id, cnpj, razao_social, nome_fantasia, data_abertura, id_pessoa) values (2, 53786210972504, 'AG Mortgage Investment Trust, Inc.', 'Cummings Group',                '1942-12-10', 2);
insert into pessoa_juridica (id, cnpj, razao_social, nome_fantasia, data_abertura, id_pessoa) values (3, 18325676112325, 'Vanguard Russell 2000 ETF', 'O''Reilly, Nolan and Herman',            '1953-01-31', 3);
insert into pessoa_juridica (id, cnpj, razao_social, nome_fantasia, data_abertura, id_pessoa) values (4, 82978529441311, 'Pacific Special Acquisition Corp.', 'Carter, Waters and Donnelly',    '1943-10-01', 4);
insert into pessoa_juridica (id, cnpj, razao_social, nome_fantasia, data_abertura, id_pessoa) values (5, 64756605016838, 'Spectrum Brands Holdings, Inc.', 'MacGyver-Gleichner',                '1913-06-15', 5);
insert into pessoa_juridica (id, cnpj, razao_social, nome_fantasia, data_abertura, id_pessoa) values (6, 76365383146748, 'MidSouth Bancorp', 'Douglas, Gottlieb and Sawayn',                    '2007-03-11', 6);
insert into pessoa_juridica (id, cnpj, razao_social, nome_fantasia, data_abertura, id_pessoa) values (7, 71266790800404, 'EPR Properties', 'Sawayn-Wehner',                                     '1902-08-27', 7);
insert into pessoa_juridica (id, cnpj, razao_social, nome_fantasia, data_abertura, id_pessoa) values (8, 96193147549024, 'Silvercrest Asset Management Group Inc.', 'Sporer, Wolff and Willms', '2017-02-04', 8);
insert into pessoa_juridica (id, cnpj, razao_social, nome_fantasia, data_abertura, id_pessoa) values (9, 67818048252676, 'Peoples Financial Services Corp. ', 'Rolfson-Leuschke',               '1938-12-19', 9);
insert into pessoa_juridica (id, cnpj, razao_social, nome_fantasia, data_abertura, id_pessoa) values (10, 20968671572744, 'Electronics for Imaging, Inc.', 'Kutch, Littel and Rempel',          '1927-10-20', 10);
insert into pessoa_juridica (id, cnpj, razao_social, nome_fantasia, data_abertura, id_pessoa) values (11, 18524702465519, 'TriMas Corporation', 'Boyle-O''Reilly',                              '1944-10-04', 11);
insert into pessoa_juridica (id, cnpj, razao_social, nome_fantasia, data_abertura, id_pessoa) values (12, 55248554700005, 'Immuron Limited', 'O''Connell LLC',                                  '1990-08-30', 12);
insert into pessoa_juridica (id, cnpj, razao_social, nome_fantasia, data_abertura, id_pessoa) values (13, 19934604600431, 'WisdomTree U.S. SmallCap Quality Dividend Growth Fund', 'Welch LLC', '1960-05-20', 13);
insert into pessoa_juridica (id, cnpj, razao_social, nome_fantasia, data_abertura, id_pessoa) values (14, 61310680920940, 'CIRCOR International, Inc.', 'Mueller-O''Reilly',                    '1983-10-28', 14);
insert into pessoa_juridica (id, cnpj, razao_social, nome_fantasia, data_abertura, id_pessoa) values (15, 93564305278385, 'Crossroads Systems, Inc.', 'Grant, Maggio and Dickens',              '1994-12-06', 15);
insert into pessoa_juridica (id, cnpj, razao_social, nome_fantasia, data_abertura, id_pessoa) values (16, 92074530722945, 'AK Steel Holding Corporation', 'Trantow Group',                      '1980-11-14', 16);
insert into pessoa_juridica (id, cnpj, razao_social, nome_fantasia, data_abertura, id_pessoa) values (17, 21630887323435, 'Korea Equity Fund, Inc.', 'Quitzon-Torp',                            '1978-06-14', 17);
insert into pessoa_juridica (id, cnpj, razao_social, nome_fantasia, data_abertura, id_pessoa) values (18, 26265401743814, 'Iridium Communications Inc', 'Lemke, Kreiger and Cruickshank',       '1935-01-02', 18);
insert into pessoa_juridica (id, cnpj, razao_social, nome_fantasia, data_abertura, id_pessoa) values (19, 21235710838715, 'Deltic Timber Corporation', 'Barrows and Sons',                      '1906-09-05', 19);
insert into pessoa_juridica (id, cnpj, razao_social, nome_fantasia, data_abertura, id_pessoa) values (20, 19310819427334, 'Hyatt Hotels Corporation', 'Swaniawski Inc',                         '1949-03-22', 20);
insert into pessoa_juridica (id, cnpj, razao_social, nome_fantasia, data_abertura, id_pessoa) values (21, 80275175976617, 'Ovid Therapeutics Inc.', 'Hansen and Sons',                          '2007-10-22', 21);
insert into pessoa_juridica (id, cnpj, razao_social, nome_fantasia, data_abertura, id_pessoa) values (22, 18942278676269, 'Quad Graphics, Inc', 'Kling, McCullough and McDermott',              '2007-06-05', 22);
insert into pessoa_juridica (id, cnpj, razao_social, nome_fantasia, data_abertura, id_pessoa) values (23, 55717532289176, 'SB Financial Group, Inc.', 'Abbott-O''Conner',                       '1953-01-31', 23);
insert into pessoa_juridica (id, cnpj, razao_social, nome_fantasia, data_abertura, id_pessoa) values (24, 22091630953146, 'Canadian Natural Resources Limited', 'Cremin-Ferry',                 '1959-05-03', 24);
insert into pessoa_juridica (id, cnpj, razao_social, nome_fantasia, data_abertura, id_pessoa) values (25, 62722175859133, 'New York Times Company (The)', 'Botsford and Sons',                  '1948-07-17', 25);
insert into pessoa_juridica (id, cnpj, razao_social, nome_fantasia, data_abertura, id_pessoa) values (26, 15930667395264, 'Neonode Inc.', 'Howe and Sons',                                      '1965-12-14', 26);
insert into pessoa_juridica (id, cnpj, razao_social, nome_fantasia, data_abertura, id_pessoa) values (27, 22784311027497, 'Ambac Financial Group, Inc.', 'Kreiger-Hills',                       '1951-10-28', 27);
insert into pessoa_juridica (id, cnpj, razao_social, nome_fantasia, data_abertura, id_pessoa) values (28, 48670435010808, 'Yelp Inc.', 'Osinski-Stamm',                                         '1915-03-09', 28);
insert into pessoa_juridica (id, cnpj, razao_social, nome_fantasia, data_abertura, id_pessoa) values (29, 54802583185108, 'EMC Insurance Group Inc.', 'Quitzon-Goyette',                        '1959-01-29', 29);
insert into pessoa_juridica (id, cnpj, razao_social, nome_fantasia, data_abertura, id_pessoa) values (30, 95097116148406, 'XG Technology, Inc', 'Streich, Kozey and Altenwerth',                '2005-09-16', 30);

--Inserts pessoa
insert into pessoa (id, telefone, pais, estado, cidade, endereco, cep) values (1, '305-310-2867', 'United States', 'Florida', 'Naples', '0 Dottie Hill', '33961');
insert into pessoa (id, telefone, pais, estado, cidade, endereco, cep) values (2, '563-332-3496', 'United States', 'Iowa', 'Davenport', '57 Onsgard Crossing', '52804');
insert into pessoa (id, telefone, pais, estado, cidade, endereco, cep) values (3, '202-391-6274', 'United States', 'District of Columbia', 'Washington', '6 Paget Place', '20540');
insert into pessoa (id, telefone, pais, estado, cidade, endereco, cep) values (4, '505-583-0738', 'United States', 'New Mexico', 'Albuquerque', '5 Thackeray Avenue', '87121');
insert into pessoa (id, telefone, pais, estado, cidade, endereco, cep) values (5, '202-928-6150', 'United States', 'District of Columbia', 'Washington', '89016 Erie Lane', '20088');
insert into pessoa (id, telefone, pais, estado, cidade, endereco, cep) values (6, '717-513-8874', 'United States', 'Pennsylvania', 'Harrisburg', '0666 Cordelia Court', '17126');
insert into pessoa (id, telefone, pais, estado, cidade, endereco, cep) values (7, '954-281-2543', 'United States', 'Florida', 'Miami', '19773 Kedzie Circle', '33180');
insert into pessoa (id, telefone, pais, estado, cidade, endereco, cep) values (8, '361-168-9382', 'United States', 'Texas', 'Corpus Christi', '1517 Shasta Way', '78470');
insert into pessoa (id, telefone, pais, estado, cidade, endereco, cep) values (9, '203-378-7787', 'United States', 'Connecticut', 'Norwalk', '180 Dorton Junction', '06859');
insert into pessoa (id, telefone, pais, estado, cidade, endereco, cep) values (10, '606-709-5412', 'United States', 'Kentucky', 'London', '6308 Muir Parkway', '40745');
insert into pessoa (id, telefone, pais, estado, cidade, endereco, cep) values (11, '915-181-5902', 'United States', 'Texas', 'El Paso', '36385 Waubesa Hill', '79905');
insert into pessoa (id, telefone, pais, estado, cidade, endereco, cep) values (12, '210-771-4297', 'United States', 'Texas', 'San Antonio', '1 Main Park', '78255');
insert into pessoa (id, telefone, pais, estado, cidade, endereco, cep) values (13, '202-155-4526', 'United States', 'District of Columbia', 'Washington', '747 Comanche Hill', '20425');
insert into pessoa (id, telefone, pais, estado, cidade, endereco, cep) values (14, '727-588-1528', 'United States', 'Florida', 'Saint Petersburg', '8852 Bonner Way', '33737');
insert into pessoa (id, telefone, pais, estado, cidade, endereco, cep) values (15, '432-481-4850', 'United States', 'Texas', 'Odessa', '1 Sherman Alley', '79764');
insert into pessoa (id, telefone, pais, estado, cidade, endereco, cep) values (16, '248-715-3019', 'United States', 'Michigan', 'Troy', '9920 Waubesa Lane', '48098');
insert into pessoa (id, telefone, pais, estado, cidade, endereco, cep) values (17, '209-522-2206', 'United States', 'California', 'Stockton', '8 Heath Road', '95298');
insert into pessoa (id, telefone, pais, estado, cidade, endereco, cep) values (18, '860-822-1922', 'United States', 'Connecticut', 'Hartford', '881 Burning Wood Lane', '06140');
insert into pessoa (id, telefone, pais, estado, cidade, endereco, cep) values (19, '609-937-8925', 'United States', 'New Jersey', 'Trenton', '34 Arkansas Parkway', '08608');
insert into pessoa (id, telefone, pais, estado, cidade, endereco, cep) values (20, '516-210-2698', 'United States', 'New York', 'Hicksville', '3119 Portage Hill', '11854');
insert into pessoa (id, telefone, pais, estado, cidade, endereco, cep) values (21, '803-916-8893', 'United States', 'South Carolina', 'Columbia', '5 Crowley Hill', '29240');
insert into pessoa (id, telefone, pais, estado, cidade, endereco, cep) values (22, '214-271-7128', 'United States', 'Texas', 'Dallas', '1408 Jana Place', '75231');
insert into pessoa (id, telefone, pais, estado, cidade, endereco, cep) values (23, '337-771-5384', 'United States', 'Louisiana', 'Lafayette', '6680 Fulton Place', '70593');
insert into pessoa (id, telefone, pais, estado, cidade, endereco, cep) values (24, '919-408-0402', 'United States', 'North Carolina', 'Raleigh', '7072 Northland Crossing', '27610');
insert into pessoa (id, telefone, pais, estado, cidade, endereco, cep) values (25, '315-560-8679', 'United States', 'New York', 'Syracuse', '0 Clemons Terrace', '13224');
insert into pessoa (id, telefone, pais, estado, cidade, endereco, cep) values (26, '501-688-3833', 'United States', 'Arkansas', 'Little Rock', '52044 Butterfield Junction', '72231');
insert into pessoa (id, telefone, pais, estado, cidade, endereco, cep) values (27, '509-401-0792', 'United States', 'Washington', 'Spokane', '00 American Circle', '99260');
insert into pessoa (id, telefone, pais, estado, cidade, endereco, cep) values (28, '570-623-6063', 'United States', 'Pennsylvania', 'Scranton', '888 Manitowish Pass', '18514');
insert into pessoa (id, telefone, pais, estado, cidade, endereco, cep) values (29, '303-274-5229', 'United States', 'Colorado', 'Arvada', '58363 Columbus Avenue', '80005');
insert into pessoa (id, telefone, pais, estado, cidade, endereco, cep) values (30, '214-136-5422', 'United States', 'Texas', 'Dallas', '563 Vahlen Parkway', '75260');

----Inserts produto
insert into produto (id, id_local_hospedagem, nome, descricao, preco, quantidade_em_estoque) values (1, 1, 'Água mineral s/ gás, 500ml', 'Água mineral Voss 500ml sem gás, vem em garrafa de vidro',                                            100.00, 100);
insert into produto (id, id_local_hospedagem, nome, descricao, preco, quantidade_em_estoque) values (2, 2, 'Água mineral c/ gás, 500ml', 'Água mineral Voss 500ml com gás, vem em garrafa de vidro',                                            100.00, 100);
insert into produto (id, id_local_hospedagem, nome, descricao, preco, quantidade_em_estoque) values (3, 3, 'Sanduíche de frango', 'Sanduíche de frango, queijo cheddar e nosso molho especial',                                                 20.00, 10);
insert into produto (id, id_local_hospedagem, nome, descricao, preco, quantidade_em_estoque) values (4, 4, 'Sanduíche Veggie', 'Sanduíche para aqueles que escolheram um estilo de vida saudável: Alface, tomate, rúcula, maionese e cenoura;', 25.00, 15);
insert into produto (id, id_local_hospedagem, nome, descricao, preco, quantidade_em_estoque) values (5, 5, 'Salgadinho 100g', 'Salgadinho sabor queijo',                                                                                        8.00, 25);
insert into produto (id, id_local_hospedagem, nome, descricao, preco, quantidade_em_estoque) values (6, 6, 'Refrigerante', 'Bebida gaseficada',                                                                                                 5.00, 150);
insert into produto (id, id_local_hospedagem, nome, descricao, preco, quantidade_em_estoque) values (7, 7, 'Batata frita', 'Porção de fritas: 250g das mais deliciosas batatas fritas que você já viu. Acompanha molho especial',               30.00, 87);

--Inserts quarto
insert into quarto (id, id_tipo_quarto, capacidade,numero_de_camas,numero) values (1, 2, 4 , 1,8047);
insert into quarto (id, id_tipo_quarto, capacidade,numero_de_camas,numero) values (2, 5, 1 , 2,7022);
insert into quarto (id, id_tipo_quarto, capacidade,numero_de_camas,numero) values (3, 2, 4 , 1,4093);
insert into quarto (id, id_tipo_quarto, capacidade,numero_de_camas,numero) values (4, 1, 5 , 2,1903);
insert into quarto (id, id_tipo_quarto, capacidade,numero_de_camas,numero) values (5, 5, 1 , 3,1909);
insert into quarto (id, id_tipo_quarto, capacidade,numero_de_camas,numero) values (6, 5, 1 , 1,5007);
insert into quarto (id, id_tipo_quarto, capacidade,numero_de_camas,numero) values (7, 4, 2 , 1,0052);
insert into quarto (id, id_tipo_quarto, capacidade,numero_de_camas,numero) values (8, 2, 4 , 2,6005);
insert into quarto (id, id_tipo_quarto, capacidade,numero_de_camas,numero) values (9, 4, 2 , 2,3015);
insert into quarto (id, id_tipo_quarto, capacidade,numero_de_camas,numero) values (10, 1, 5, 2,3050);
insert into quarto (id, id_tipo_quarto, capacidade,numero_de_camas,numero) values (11, 2, 2, 2,4024);
insert into quarto (id, id_tipo_quarto, capacidade,numero_de_camas,numero) values (12, 1, 5, 4,7003);
insert into quarto (id, id_tipo_quarto, capacidade,numero_de_camas,numero) values (13, 2, 4, 2,0049);
insert into quarto (id, id_tipo_quarto, capacidade,numero_de_camas,numero) values (14, 3, 3, 2,7017);
insert into quarto (id, id_tipo_quarto, capacidade,numero_de_camas,numero) values (15, 2, 4, 3,6026);
insert into quarto (id, id_tipo_quarto, capacidade,numero_de_camas,numero) values (16, 5, 1, 1,1011);
insert into quarto (id, id_tipo_quarto, capacidade,numero_de_camas,numero) values (17, 2, 4, 2,3022);
insert into quarto (id, id_tipo_quarto, capacidade,numero_de_camas,numero) values (18, 4, 2, 2,4058);
insert into quarto (id, id_tipo_quarto, capacidade,numero_de_camas,numero) values (19, 4, 2, 2,1014);
insert into quarto (id, id_tipo_quarto, capacidade,numero_de_camas,numero) values (20, 1, 5, 3,7004);
insert into quarto (id, id_tipo_quarto, capacidade,numero_de_camas,numero) values (21, 3, 3, 3,5024);
insert into quarto (id, id_tipo_quarto, capacidade,numero_de_camas,numero) values (22, 4, 2, 3,3095);
insert into quarto (id, id_tipo_quarto, capacidade,numero_de_camas,numero) values (23, 3, 3, 2,4099);
insert into quarto (id, id_tipo_quarto, capacidade,numero_de_camas,numero) values (24, 4, 2, 2,2099);
insert into quarto (id, id_tipo_quarto, capacidade,numero_de_camas,numero) values (25, 5, 1, 1,4031);
insert into quarto (id, id_tipo_quarto, capacidade,numero_de_camas,numero) values (26, 2, 4, 2,6042);
insert into quarto (id, id_tipo_quarto, capacidade,numero_de_camas,numero) values (27, 3, 3, 2,8079);
insert into quarto (id, id_tipo_quarto, capacidade,numero_de_camas,numero) values (28, 1, 5, 4,3094);
insert into quarto (id, id_tipo_quarto, capacidade,numero_de_camas,numero) values (29, 1, 5, 5,5018);
insert into quarto (id, id_tipo_quarto, capacidade,numero_de_camas,numero) values (30, 3, 3, 2,1044);

--Inserts reserva
insert into reserva (id, id_pessoa, id_local_hospedagem, data_inicio, data_fim, status_reserva, valor_total) values (1, 1, 55,   '1907-02-02', '1907-02-28', 'compareceu', 3982.82);
insert into reserva (id, id_pessoa, id_local_hospedagem, data_inicio, data_fim, status_reserva, valor_total) values (2, 2, 55,   '2022-03-10', '2022-03-15', 'compareceu', 2532.03);
insert into reserva (id, id_pessoa, id_local_hospedagem, data_inicio, data_fim, status_reserva, valor_total) values (3, 3, 55,   '2022-06-20', '2022-06-28', 'compareceu', 1576.23);
insert into reserva (id, id_pessoa, id_local_hospedagem, data_inicio, data_fim, status_reserva, valor_total) values (4, 4, 55,   '2012-07-10', '2012-07-17', 'compareceu',  883.31);
insert into reserva (id, id_pessoa, id_local_hospedagem, data_inicio, data_fim, status_reserva, valor_total) values (5, 5, 55,   '1944-06-02', '1944-06-28', 'compareceu', 3982.82);
insert into reserva (id, id_pessoa, id_local_hospedagem, data_inicio, data_fim, status_reserva, valor_total) values (6, 6, 55,   '1945-12-15', '1945-12-23', 'compareceu',  883.31);
insert into reserva (id, id_pessoa, id_local_hospedagem, data_inicio, data_fim, status_reserva, valor_total) values (7, 7, 55,   '1976-10-18', '1976-11-01', 'compareceu', 1576.23);
insert into reserva (id, id_pessoa, id_local_hospedagem, data_inicio, data_fim, status_reserva, valor_total) values (8, 8, 55,   '1950-05-12', '1950-05-23', 'compareceu', 2532.03);
insert into reserva (id, id_pessoa, id_local_hospedagem, data_inicio, data_fim, status_reserva, valor_total) values (9, 19, 55,  '1955-03-02', '1955-03-30', 'compareceu', 3982.82);
insert into reserva (id, id_pessoa, id_local_hospedagem, data_inicio, data_fim, status_reserva, valor_total) values (10, 10, 55, '2005-10-10', '2005-10-20', 'compareceu', 1576.23);
insert into reserva (id, id_pessoa, id_local_hospedagem, data_inicio, data_fim, status_reserva, valor_total) values (11, 11, 55, '2017-05-22', '2017-05-28', 'compareceu', 2532.03);
insert into reserva (id, id_pessoa, id_local_hospedagem, data_inicio, data_fim, status_reserva, valor_total) values (12, 12, 55, '2020-08-02', '2020-08-20', 'compareceu',  883.31);
insert into reserva (id, id_pessoa, id_local_hospedagem, data_inicio, data_fim, status_reserva, valor_total) values (13, 13, 55, '2022-03-01', '2022-03-10', 'compareceu', 3982.82);
insert into reserva (id, id_pessoa, id_local_hospedagem, data_inicio, data_fim, status_reserva, valor_total) values (14, 14, 55, '2001-02-12', '2001-02-28', 'compareceu', 1576.23);
insert into reserva (id, id_pessoa, id_local_hospedagem, data_inicio, data_fim, status_reserva, valor_total) values (15, 15, 55, '2004-03-25', '2004-04-03', 'compareceu',  883.31);
insert into reserva (id, id_pessoa, id_local_hospedagem, data_inicio, data_fim, status_reserva, valor_total) values (16, 16, 55, '2010-02-28', '2010-03-05', 'compareceu', 2532.03);
insert into reserva (id, id_pessoa, id_local_hospedagem, data_inicio, data_fim, status_reserva, valor_total) values (17, 17, 55, '1950-02-15', '1950-02-28', 'compareceu', 1576.23);
insert into reserva (id, id_pessoa, id_local_hospedagem, data_inicio, data_fim, status_reserva, valor_total) values (18, 18, 55, '1990-06-02', '1990-06-10', 'compareceu', 2532.03);
insert into reserva (id, id_pessoa, id_local_hospedagem, data_inicio, data_fim, status_reserva, valor_total) values (19, 19, 55, '1999-08-05', '1999-08-23', 'compareceu', 3982.82);
insert into reserva (id, id_pessoa, id_local_hospedagem, data_inicio, data_fim, status_reserva, valor_total) values (20, 20, 55, '1988-03-02', '1988-03-16', 'compareceu', 3982.82);
insert into reserva (id, id_pessoa, id_local_hospedagem, data_inicio, data_fim, status_reserva, valor_total) values (21, 21, 55, '1978-06-08', '1978-06-26', 'compareceu',  883.31);
insert into reserva (id, id_pessoa, id_local_hospedagem, data_inicio, data_fim, status_reserva, valor_total) values (22, 22, 55, '1900-01-02', '1900-01-28', 'compareceu', 3982.82);
insert into reserva (id, id_pessoa, id_local_hospedagem, data_inicio, data_fim, status_reserva, valor_total) values (23, 23, 55, '1907-07-07', '1907-07-20', 'compareceu',  883.31);
insert into reserva (id, id_pessoa, id_local_hospedagem, data_inicio, data_fim, status_reserva, valor_total) values (24, 24, 55, '1955-08-06', '1955-08-25', 'compareceu', 1576.23);
insert into reserva (id, id_pessoa, id_local_hospedagem, data_inicio, data_fim, status_reserva, valor_total) values (25, 25, 55, '1909-09-09', '1909-09-20', 'compareceu', 3982.82);
insert into reserva (id, id_pessoa, id_local_hospedagem, data_inicio, data_fim, status_reserva, valor_total) values (26, 26, 55, '1990-12-02', '1990-12-13', 'compareceu', 2532.03);
insert into reserva (id, id_pessoa, id_local_hospedagem, data_inicio, data_fim, status_reserva, valor_total) values (27, 27, 55, '1970-11-12', '1970-11-20', 'compareceu', 3982.82);
insert into reserva (id, id_pessoa, id_local_hospedagem, data_inicio, data_fim, status_reserva, valor_total) values (28, 28, 55, '1967-06-06', '1967-06-25', 'compareceu', 1576.23);
insert into reserva (id, id_pessoa, id_local_hospedagem, data_inicio, data_fim, status_reserva, valor_total) values (29, 29, 55, '1904-07-05', '1904-07-24', 'compareceu', 2532.03);
insert into reserva (id, id_pessoa, id_local_hospedagem, data_inicio, data_fim, status_reserva, valor_total) values (30, 30, 55, '1984-04-10', '1984-04-24', 'compareceu',  883.31);
insert into reserva (id, id_pessoa, id_local_hospedagem, data_inicio, data_fim, status_reserva, valor_total) values (31, 31, 55, '2002-03-11', '2002-03-29', 'ausente',    2532.03);
insert into reserva (id, id_pessoa, id_local_hospedagem, data_inicio, data_fim, status_reserva, valor_total) values (32, 32, 55, '1920-04-15', '1920-04-30', 'ausente',    3982.82);
insert into reserva (id, id_pessoa, id_local_hospedagem, data_inicio, data_fim, status_reserva, valor_total) values (33, 33, 55, '2002-02-16', '2002-02-20', 'ausente',    2532.03);
insert into reserva (id, id_pessoa, id_local_hospedagem, data_inicio, data_fim, status_reserva, valor_total) values (34, 34, 55, '1965-09-19', '1965-09-25', 'ausente',    1576.23);
insert into reserva (id, id_pessoa, id_local_hospedagem, data_inicio, data_fim, status_reserva, valor_total) values (35, 35, 55, '1940-01-20', '1940-02-01', 'ausente',    2532.03);
insert into reserva (id, id_pessoa, id_local_hospedagem, data_inicio, data_fim, status_reserva, valor_total) values (36, 36, 55, '1904-03-02', '1904-03-15', 'ausente',    3982.82);
insert into reserva (id, id_pessoa, id_local_hospedagem, data_inicio, data_fim, status_reserva, valor_total) values (37, 37, 55, '1993-07-04', '1993-07-29', 'ausente',     883.31);
insert into reserva (id, id_pessoa, id_local_hospedagem, data_inicio, data_fim, status_reserva, valor_total) values (38, 38, 55, '1982-09-01', '1982-09-28', 'ausente',    2532.03);
insert into reserva (id, id_pessoa, id_local_hospedagem, data_inicio, data_fim, status_reserva, valor_total) values (39, 39, 55, '1926-12-10', '1926-12-22', 'ausente',    1576.23);
insert into reserva (id, id_pessoa, id_local_hospedagem, data_inicio, data_fim, status_reserva, valor_total) values (40, 40, 55, '1910-10-15', '1910-10-26', 'ausente',    3982.82);
insert into reserva (id, id_pessoa, id_local_hospedagem, data_inicio, data_fim, status_reserva, valor_total) values (41, 41, 55, '1914-03-30', '1914-04-04', 'ausente',    2532.03);
insert into reserva (id, id_pessoa, id_local_hospedagem, data_inicio, data_fim, status_reserva, valor_total) values (42, 42, 55, '1907-08-20', '1907-08-30', 'ausente',    1576.23);
insert into reserva (id, id_pessoa, id_local_hospedagem, data_inicio, data_fim, status_reserva, valor_total) values (43, 43, 55, '1933-11-12', '1933-11-21', 'ausente',    3982.82);
insert into reserva (id, id_pessoa, id_local_hospedagem, data_inicio, data_fim, status_reserva, valor_total) values (44, 44, 55, '1944-06-13', '1944-06-26', 'ausente',     883.31);
insert into reserva (id, id_pessoa, id_local_hospedagem, data_inicio, data_fim, status_reserva, valor_total) values (45, 45, 55, '1998-03-28', '1998-04-05', 'ausente',    2532.03);
insert into reserva (id, id_pessoa, id_local_hospedagem, data_inicio, data_fim, status_reserva, valor_total) values (46, 46, 55, '1984-12-22', '1984-12-28', 'ausente',    1576.23);
insert into reserva (id, id_pessoa, id_local_hospedagem, data_inicio, data_fim, status_reserva, valor_total) values (47, 47, 55, '1902-08-12', '1902-08-23', 'ausente',    3982.82);
insert into reserva (id, id_pessoa, id_local_hospedagem, data_inicio, data_fim, status_reserva, valor_total) values (48, 48, 55, '1977-07-27', '1977-08-05', 'ausente',     883.31);
insert into reserva (id, id_pessoa, id_local_hospedagem, data_inicio, data_fim, status_reserva, valor_total) values (49, 49, 55, '1911-01-05', '1911-01-27', 'ausente',    1576.23);
insert into reserva (id, id_pessoa, id_local_hospedagem, data_inicio, data_fim, status_reserva, valor_total) values (50, 50, 55, '1962-10-24', '1962-10-31', 'ausente',    2532.03);

--Inserts servico
insert into servico (id, id_funcionario, id_hospedagem, id_tipo_servico, data_inicio_servico, data_fim_servico, status_servico) values (1, 1, 1, 1,     '1985-04-12', '1985-04-12', 'Incompleto');
insert into servico (id, id_funcionario, id_hospedagem, id_tipo_servico, data_inicio_servico, data_fim_servico, status_servico) values (2, 2, 2, 2,     '2019-06-25', '2019-06-25', 'Completo');
insert into servico (id, id_funcionario, id_hospedagem, id_tipo_servico, data_inicio_servico, data_fim_servico, status_servico) values (3, 3, 3, 3,     '1997-02-22', '1997-02-22', 'Completo');
insert into servico (id, id_funcionario, id_hospedagem, id_tipo_servico, data_inicio_servico, data_fim_servico, status_servico) values (4, 4, 4, 4,     '1987-10-23', '1987-10-23', 'Completo');
insert into servico (id, id_funcionario, id_hospedagem, id_tipo_servico, data_inicio_servico, data_fim_servico, status_servico) values (5, 5, 5, 5,     '1981-10-02', '1981-10-02', 'Incompleto');
insert into servico (id, id_funcionario, id_hospedagem, id_tipo_servico, data_inicio_servico, data_fim_servico, status_servico) values (6, 6, 6, 6,     '2013-11-11', '2013-11-11', 'Completo');
insert into servico (id, id_funcionario, id_hospedagem, id_tipo_servico, data_inicio_servico, data_fim_servico, status_servico) values (7, 7, 7, 7,     '2022-03-20', '2022-03-20', 'Completo');
insert into servico (id, id_funcionario, id_hospedagem, id_tipo_servico, data_inicio_servico, data_fim_servico, status_servico) values (8, 8, 8, 8,     '1989-11-11', '1989-11-11', 'Completo');
insert into servico (id, id_funcionario, id_hospedagem, id_tipo_servico, data_inicio_servico, data_fim_servico, status_servico) values (9, 9, 9, 9,     '1983-01-12', '1983-01-12', 'Completo');
insert into servico (id, id_funcionario, id_hospedagem, id_tipo_servico, data_inicio_servico, data_fim_servico, status_servico) values (10, 10, 10, 10, '2020-05-31', '2020-05-31', 'Incompleto');
insert into servico (id, id_funcionario, id_hospedagem, id_tipo_servico, data_inicio_servico, data_fim_servico, status_servico) values (11, 11, 11, 11, '2021-06-25', '2021-06-25', 'Completo');
insert into servico (id, id_funcionario, id_hospedagem, id_tipo_servico, data_inicio_servico, data_fim_servico, status_servico) values (12, 12, 12, 12, '2020-05-08', '2020-05-08', 'Completo');
insert into servico (id, id_funcionario, id_hospedagem, id_tipo_servico, data_inicio_servico, data_fim_servico, status_servico) values (13, 13, 13, 13, '2019-04-09', '2019-04-09', 'Completo');
insert into servico (id, id_funcionario, id_hospedagem, id_tipo_servico, data_inicio_servico, data_fim_servico, status_servico) values (14, 14, 14, 14, '1998-07-14', '1998-07-14', 'Completo');
insert into servico (id, id_funcionario, id_hospedagem, id_tipo_servico, data_inicio_servico, data_fim_servico, status_servico) values (15, 15, 15, 15, '2008-09-21', '2008-09-21', 'Incompleto');
insert into servico (id, id_funcionario, id_hospedagem, id_tipo_servico, data_inicio_servico, data_fim_servico, status_servico) values (16, 16, 16, 16, '2017-11-02', '2017-11-02', 'Completo');
insert into servico (id, id_funcionario, id_hospedagem, id_tipo_servico, data_inicio_servico, data_fim_servico, status_servico) values (17, 17, 17, 17, '2015-12-29', '2015-12-29', 'Completo');
insert into servico (id, id_funcionario, id_hospedagem, id_tipo_servico, data_inicio_servico, data_fim_servico, status_servico) values (18, 18, 18, 18, '1997-03-03', '1997-03-03', 'Completo');
insert into servico (id, id_funcionario, id_hospedagem, id_tipo_servico, data_inicio_servico, data_fim_servico, status_servico) values (19, 19, 19, 19, '1994-07-09', '1994-07-09', 'Incompleto');
insert into servico (id, id_funcionario, id_hospedagem, id_tipo_servico, data_inicio_servico, data_fim_servico, status_servico) values (20, 20, 20, 20, '2007-02-03', '2007-02-03', 'Completo');
insert into servico (id, id_funcionario, id_hospedagem, id_tipo_servico, data_inicio_servico, data_fim_servico, status_servico) values (21, 21, 21, 21, '2005-09-16', '2005-09-16', 'Completo');
insert into servico (id, id_funcionario, id_hospedagem, id_tipo_servico, data_inicio_servico, data_fim_servico, status_servico) values (22, 22, 22, 22, '2022-02-22', '2022-02-22', 'Completo');
insert into servico (id, id_funcionario, id_hospedagem, id_tipo_servico, data_inicio_servico, data_fim_servico, status_servico) values (23, 23, 23, 23, '1994-11-06', '1994-11-06', 'Completo');
insert into servico (id, id_funcionario, id_hospedagem, id_tipo_servico, data_inicio_servico, data_fim_servico, status_servico) values (24, 24, 24, 24, '2013-07-19', '2013-07-19', 'Completo');
insert into servico (id, id_funcionario, id_hospedagem, id_tipo_servico, data_inicio_servico, data_fim_servico, status_servico) values (25, 25, 25, 25, '2013-06-03', '2013-06-03', 'Incompleto');
insert into servico (id, id_funcionario, id_hospedagem, id_tipo_servico, data_inicio_servico, data_fim_servico, status_servico) values (26, 26, 26, 26, '1999-11-22', '1999-11-22', 'Completo');
insert into servico (id, id_funcionario, id_hospedagem, id_tipo_servico, data_inicio_servico, data_fim_servico, status_servico) values (27, 27, 27, 27, '1989-05-09', '1989-05-09', 'Completo');
insert into servico (id, id_funcionario, id_hospedagem, id_tipo_servico, data_inicio_servico, data_fim_servico, status_servico) values (28, 28, 28, 28, '2011-02-02', '2011-02-02', 'Incompleto');
insert into servico (id, id_funcionario, id_hospedagem, id_tipo_servico, data_inicio_servico, data_fim_servico, status_servico) values (29, 29, 29, 29, '2022-09-24', '2022-09-24', 'Completo');
insert into servico (id, id_funcionario, id_hospedagem, id_tipo_servico, data_inicio_servico, data_fim_servico, status_servico) values (30, 30, 30, 30, '2019-11-06', '2019-11-06', 'Incompleto');

--Inserts tipo_local_hospedagem
insert into tipo_local_hospedagem (id, nome, descricao, numero_de_camas) values (1, 'Condomínio', 'Um quarto aconchegante perfeito para uma família', 6);
insert into tipo_local_hospedagem (id, nome, descricao, numero_de_camas) values (2, 'Condomínio', 'Um quarto aconchegante perfeito para uma família', 3);
insert into tipo_local_hospedagem (id, nome, descricao, numero_de_camas) values (3, 'Condomínio', 'Um quarto aconchegante perfeito para uma família', 4);
insert into tipo_local_hospedagem (id, nome, descricao, numero_de_camas) values (4, 'Condomínio', 'Um quarto aconchegante perfeito para uma família', 1);
insert into tipo_local_hospedagem (id, nome, descricao, numero_de_camas) values (5, 'Condomínio', 'Um quarto aconchegante perfeito para uma família', 2);
insert into tipo_local_hospedagem (id, nome, descricao, numero_de_camas) values (6, 'Condomínio', 'Um quarto aconchegante perfeito para uma família', 4);
insert into tipo_local_hospedagem (id, nome, descricao, numero_de_camas) values (7, 'Condomínio', 'Um quarto aconchegante perfeito para uma família', 1);
insert into tipo_local_hospedagem (id, nome, descricao, numero_de_camas) values (8, 'Condomínio', 'Um quarto aconchegante perfeito para uma família', 1);
insert into tipo_local_hospedagem (id, nome, descricao, numero_de_camas) values (9, 'Condomínio', 'Um quarto aconchegante perfeito para uma família', 7);
insert into tipo_local_hospedagem (id, nome, descricao, numero_de_camas) values (10, 'Condomínio', 'Um quarto aconchegante perfeito para uma família', 1);
insert into tipo_local_hospedagem (id, nome, descricao, numero_de_camas) values (11, 'Condomínio', 'Um quarto aconchegante perfeito para uma família', 4);
insert into tipo_local_hospedagem (id, nome, descricao, numero_de_camas) values (12, 'Condomínio', 'Um quarto aconchegante perfeito para uma família', 4);
insert into tipo_local_hospedagem (id, nome, descricao, numero_de_camas) values (13, 'Condomínio', 'Um quarto aconchegante perfeito para uma família', 1);
insert into tipo_local_hospedagem (id, nome, descricao, numero_de_camas) values (14, 'Condomínio', 'Um quarto aconchegante perfeito para uma família', 4);
insert into tipo_local_hospedagem (id, nome, descricao, numero_de_camas) values (15, 'Condomínio', 'Um quarto aconchegante perfeito para uma família', 3);
insert into tipo_local_hospedagem (id, nome, descricao, numero_de_camas) values (16, 'Condomínio', 'Um quarto aconchegante perfeito para uma família', 3);
insert into tipo_local_hospedagem (id, nome, descricao, numero_de_camas) values (17, 'Condomínio', 'Um quarto aconchegante perfeito para uma família', 7);
insert into tipo_local_hospedagem (id, nome, descricao, numero_de_camas) values (18, 'Condomínio', 'Um quarto aconchegante perfeito para uma família', 8);
insert into tipo_local_hospedagem (id, nome, descricao, numero_de_camas) values (19, 'Condomínio', 'Um quarto aconchegante perfeito para uma família', 8);
insert into tipo_local_hospedagem (id, nome, descricao, numero_de_camas) values (20, 'Condomínio', 'Um quarto aconchegante perfeito para uma família', 6);
insert into tipo_local_hospedagem (id, nome, descricao, numero_de_camas) values (21, 'Condomínio', 'Um quarto aconchegante perfeito para uma família', 8);
insert into tipo_local_hospedagem (id, nome, descricao, numero_de_camas) values (22, 'Condomínio', 'Um quarto aconchegante perfeito para uma família', 2);
insert into tipo_local_hospedagem (id, nome, descricao, numero_de_camas) values (23, 'Condomínio', 'Um quarto aconchegante perfeito para uma família', 7);
insert into tipo_local_hospedagem (id, nome, descricao, numero_de_camas) values (24, 'Condomínio', 'Um quarto aconchegante perfeito para uma família', 2);
insert into tipo_local_hospedagem (id, nome, descricao, numero_de_camas) values (25, 'Condomínio', 'Um quarto aconchegante perfeito para uma família', 8);
insert into tipo_local_hospedagem (id, nome, descricao, numero_de_camas) values (26, 'Condomínio', 'Um quarto aconchegante perfeito para uma família', 7);
insert into tipo_local_hospedagem (id, nome, descricao, numero_de_camas) values (27, 'Condomínio', 'Um quarto aconchegante perfeito para uma família', 3);
insert into tipo_local_hospedagem (id, nome, descricao, numero_de_camas) values (28, 'Condomínio', 'Um quarto aconchegante perfeito para uma família', 4);
insert into tipo_local_hospedagem (id, nome, descricao, numero_de_camas) values (29, 'Condomínio', 'Um quarto aconchegante perfeito para uma família', 3);
insert into tipo_local_hospedagem (id, nome, descricao, numero_de_camas) values (30, 'Condomínio', 'Um quarto aconchegante perfeito para uma família', 7);

--Inserts tipo_quarto
insert into tipo_quarto (id, nome, preco, descricao) values (1, 'Família',    643.25, 'Famíliar grande? Sem problemas, venha ficar em um de nossos quartos tamanho família');
insert into tipo_quarto (id, nome, preco, descricao) values (2, 'Super-Luxo', 364.46, 'Quarto que oferece o melhor da nossa experiência');
insert into tipo_quarto (id, nome, preco, descricao) values (3, 'Luxo',       200.00, 'Quarto que oferece uma das melhores experiências possíveis na nossa rede de hospedagem');
insert into tipo_quarto (id, nome, preco, descricao) values (4, 'Standard',   389.28, 'Quarto regular');
insert into tipo_quarto (id, nome, preco, descricao) values (5, 'Economico',  125.07, 'Apertado de grana mas precisa viajar? Essa opção é para você');

--Inserts tipo_servico
insert into tipo_servico (id, nome, preco, descricao) values (1, 'Lavanderia',           30.00, 'Sua roupa lavada com o melhores produtos do mercado e entregue na porta de seu quarto');
insert into tipo_servico (id, nome, preco, descricao) values (2, 'Academia',             40.00, 'Fiwue em forma, mesmo nas férias com a nossa academia');
insert into tipo_servico (id, nome, preco, descricao) values (3, 'Sapateiro',            10.00, 'Seu sapato novinha em folha, pronto para uso');
insert into tipo_servico (id, nome, preco, descricao) values (4, 'Aluguel de bicicleta', 15.00, 'Conheça os locais mais charmosos do nosso bairro alugando uma bicicleta');
insert into tipo_servico (id, nome, preco, descricao) values (5, 'Wifi',                 8.00, 'Wifi para você se conectar com o mundo');

